MATERIAL;;Etiquetas de fila;NOMBRE PRODUCTO;  PRECIO  ; TOTAL BOLSAS/CAJAS;TOTAL STAND BODEGA;TOTAL EXHIBICIėN;TOTAL CARRITO;FALTA FACTU FEEAN;VENTA INTERNA FALTA SALIDA;VITRINAS EXTERIOR;INVENTARIO FISICO;INVENTARIO SAP;DIFERENCIA;VALOR INVENTARIO;DESCONTAR;INGRESAR;Observaci¾n
116000000000000229;0229;BATAS;BATAS DE LABORATORIO S; 87.000 ;0;18;0;0;0;0;0;18;18;0;$ 1.566.000;;;OK
116000000000000230;0230;BATAS;BATAS DE LABORATORIO M; 87.000 ;0;6;1;0;0;0;0;7;7;0;$ 609.000;;;OK
116000000000000231;0231;BATAS;BATAS DE LABORATORIO L; 87.000 ;0;20;0;0;0;0;0;20;20;0;$ 1.740.000;;;OK
116000000000000232;0232;BATAS;BATAS DE LABORATORIO XL; 87.000 ;0;22;0;0;0;0;0;22;22;0;$ 1.914.000;;;OK
116000000000000172;0172;CAMISETAS;CAMISETA BAS BLANCA BORDE NEGRO HOMBRE S; 47.900 ;0;0;0;0;0;0;0;0;0;0;$ 0;;;OK
116000000000000173;0173;CAMISETAS;CAMISETA BAS BLANCA BORDE NEGRO HOMBRE M; 47.900 ;0;0;0;0;0;0;0;0;0;0;$ 0;;;OK
116000000000000174;0174;CAMISETAS;CAMISETA BAS BLANCA BORDE NEGRO HOMBRE L; 47.900 ;0;0;0;0;0;0;0;0;0;0;$ 0;;;OK
116000000000000175;0175;CAMISETAS;CAMISETA BAS BLANCA BORDE NEGRO HOMBRE XL; 47.900 ;0;0;0;0;0;0;0;0;0;0;$ 0;;;OK
116000000000000180;0180;CAMISETAS;CAMISETA BAS BLANCA BORDE NEGRO MUJER XS; 47.900 ;0;0;1;0;0;0;0;1;1;0;$ 47.900;;;OK
116000000000000181;0181;CAMISETAS;CAMISETA BAS BLANCA BORDE NEGRO MUJER S; 47.900 ;;2;;;;;;1;1;0;$ 47.900;;;OK
116000000000000182;0182;CAMISETAS;CAMISETA BAS BLANCA BORDE NEGRO MUJER M; 47.900 ;0;0;0;0;0;0;0;0;0;0;$ 0;;;OK
116000000000000183;0183;CAMISETAS;CAMISETA BAS BLANCA BORDE NEGRO MUJER L; 47.900 ;0;0;0;0;0;0;0;0;0;0;$ 0;;;OK
116000000000000184;0184;CAMISETAS;CAMISETA BAS BLANCA BORDE NEGRO MUJER XL; 47.900 ;0;0;0;0;0;0;0;0;0;0;$ 0;;;OK
116000000000000176;0176;CAMISETAS;CAMISETA BASICA NEGRA LOGO HOMBRE S; 55.000 ;;5;;;;;;5;5;0;$ 275.000;;;OK
116000000000000177;0177;CAMISETAS;CAMISETA BASICA NEGRA LOGO HOMBRE M; 55.000 ;;1;;;;;;1;1;0;$ 55.000;;;OK
116000000000000178;0178;CAMISETAS;CAMISETA BASICA NEGRA LOGO HOMBRE L; 55.000 ;;10;;;;;;10;10;0;$ 550.000;;;OK
116000000000000179;0179;CAMISETAS;CAMISETA BASICA NEGRA LOGO HOMBRE XL; 55.000 ;;7;;;;;;7;7;0;$ 385.000;;;OK
116000000000000185;0185;CAMISETAS;CAMISETA BASICA NEGRA LOGO MUJER XS; 55.000 ;;7;;;;;;7;7;0;$ 385.000;;;OK
116000000000000186;0186;CAMISETAS;CAMISETA BASICA NEGRA LOGO MUJER S; 55.000 ;0;5;1;0;0;0;0;6;6;0;$ 330.000;;;OK
116000000000000187;0187;CAMISETAS;CAMISETA BASICA NEGRA LOGO MUJER M; 55.000 ;;7;;;;;;7;7;0;$ 385.000;;;OK
116000000000000188;0188;CAMISETAS;CAMISETA BASICA NEGRA LOGO MUJER L; 55.000 ;;8;;;;;;7;7;0;$ 385.000;;;OK
116000000000000189;0189;CAMISETAS;CAMISETA BASICA NEGRA LOGO MUJER XL; 55.000 ;;7;;;;;;8;8;0;$ 440.000;;;OK
116000000000000067;0067;CAMISETAS;CAMISETA BLANCA EAN HOMBRE XS; 55.000 ;0;0;0;0;0;0;0;0;0;0;$ 0;;;OK
116000000000000065;0065;CAMISETAS;CAMISETA BLANCA EAN HOMBRE S; 55.000 ;;3;;;;;;3;3;0;$ 165.000;;;OK
116000000000000064;0064;CAMISETAS;CAMISETA BLANCA EAN HOMBRE M; 55.000 ;;8;;;;;;8;8;0;$ 440.000;;;OK
116000000000000063;0063;CAMISETAS;CAMISETA BLANCA EAN HOMBRE L; 55.000 ;;9;;;;;;9;9;0;$ 495.000;;;OK
116000000000000066;0066;CAMISETAS;CAMISETA BLANCA EAN HOMBRE XL; 55.000 ;;4;;;;;;4;4;0;$ 220.000;;;OK
116000000000000072;0072;CAMISETAS;CAMISETA BLANCA EAN MUJER XS; 55.000 ;0;0;0;0;0;0;0;0;0;0;$ 0;;;OK
116000000000000070;0070;CAMISETAS;CAMISETA BLANCA EAN MUJER S; 55.000 ;;5;1;;;;;6;6;0;$ 330.000;;;OK
116000000000000069;0069;CAMISETAS;CAMISETA BLANCA EAN MUJER M; 55.000 ;;9;;;;;;9;9;0;$ 495.000;;;OK
116000000000000068;0068;CAMISETAS;CAMISETA BLANCA EAN MUJER L; 55.000 ;;4;;;;;;4;4;0;$ 220.000;;;OK
116000000000000071;0071;CAMISETAS;CAMISETA BLANCA EAN MUJER XL; 55.000 ;;6;;;;;;6;6;0;$ 330.000;;;OK
116000000000000404;0404;CAMISETAS;CAMISETA BLANCA MELI XS; 55.000 ;;;;;;;;0;1;1;$ 0;$ 55.000;;No se les pudo dar salida del inventario
116000000000000430;0430;CAMISETAS;CAMISETA BLANCA MELI S; 55.000 ;;;;;;;;0;3;3;$ 0;$ 165.000;;No se les pudo dar salida del inventario
116000000000000431;0431;CAMISETAS;CAMISETA BLANCA MELI M; 55.000 ;;5;;;;;;5;5;0;$ 275.000;;;OK
116000000000000432;0432;CAMISETAS;CAMISETA BLANCA MELI L; 55.000 ;;4;;;;;;4;4;0;$ 220.000;;;OK
116000000000000433;0433;CAMISETAS;CAMISETA BLANCA MELI XL; 55.000 ;;7;;;;;;7;7;0;$ 385.000;;;OK
116000000000000434;0434;CAMISETAS;CAMISETA NEGRA MELI XS; 55.000 ;;;;;;;;0;1;1;$ 0;$ 55.000;;No se les pudo dar salida del inventario
116000000000000435;0435;CAMISETAS;CAMISETA NEGRA MELI S; 55.000 ;0;0;0;0;0;0;0;0;0;0;$ 0;;;OK
116000000000000436;0436;CAMISETAS;CAMISETA NEGRA MELI M; 55.000 ;0;0;0;0;0;0;0;0;0;0;$ 0;;;OK
116000000000000437;0437;CAMISETAS;CAMISETA NEGRA MELI L; 55.000 ;;3;;;;;;3;3;0;$ 165.000;;;OK
116000000000000438;0438;CAMISETAS;CAMISETA NEGRA MELI XL; 55.000 ;;6;;;;;;6;6;0;$ 330.000;;;OK
116000000000000405;0405;CAMISETAS;CAMISETA INFANTIL 4-6; 50.000 ;;3;;;;;;3;3;0;$ 150.000;;;OK
116000000000000406;0406;CAMISETAS;CAMISETA INFANTIL 6-8; 50.000 ;;5;;;;;;5;5;0;$ 250.000;;;OK
116000000000000407;0407;CAMISETAS;CAMISETA INFANTIL 8-10; 50.000 ;;6;1;;;;;7;7;0;$ 350.000;;;FALTA DESDE EL ANTERIOR INVENTARIO
116000000000000408;0408;CAMISETAS;CAMISETA INFANTIL 10-12; 50.000 ;;3;1;;;;;4;4;0;$ 200.000;;;OK
116000000000000409;0409;CAMISETAS;CAMISETA INFANTIL 12-14; 50.000 ;;7;;;;;;6;6;0;$ 300.000;;;OK
116000000000000410;0410;CAMISETAS;CAMISETA INFANTIL 14-16; 50.000 ;;38;;;;;;38;38;0;$ 1.900.000;;;OK
116000000000000047;0047;CAMISETAS;CAMISETA DEPORTIVA FLORES HOMBRE XS; 40.000 ;0;0;0;0;0;0;0;0;0;0;$ 0;;;OK
116000000000000045;0045;CAMISETAS;CAMISETA DEPORTIVA FLORES HOMBRE S; 40.000 ;0;0;0;0;0;0;0;0;0;0;$ 0;;;OK
116000000000000044;0044;CAMISETAS;CAMISETA DEPORTIVA FLORES HOMBRE M; 40.000 ;0;0;0;0;0;0;0;0;0;0;$ 0;;;OK
116000000000000043;0043;CAMISETAS;CAMISETA DEPORTIVA FLORES HOMBRE L; 40.000 ;0;0;0;0;0;0;0;0;0;0;$ 0;;;OK
116000000000000046;0046;CAMISETAS;CAMISETA DEPORTIVA FLORES HOMBRE XL; 40.000 ;0;0;0;0;0;0;0;0;0;0;$ 0;;;OK
116000000000000052;0052;CAMISETAS;CAMISETA DEPORTIVA FLORES MUJER XS; 40.000 ;0;0;0;0;0;0;0;0;0;0;$ 0;;;OK
116000000000000050;0050;CAMISETAS;CAMISETA DEPORTIVA FLORES MUJER S; 40.000 ;0;0;0;0;0;0;0;0;0;0;$ 0;;;OK
116000000000000049;0049;CAMISETAS;CAMISETA DEPORTIVA FLORES MUJER M; 40.000 ;0;0;0;0;0;0;0;0;0;0;$ 0;;;OK
116000000000000048;0048;CAMISETAS;CAMISETA DEPORTIVA FLORES MUJER L; 40.000 ;0;0;0;0;0;0;0;0;0;0;$ 0;;;OK
116000000000000051;0051;CAMISETAS;CAMISETA DEPORTIVA FLORES MUJER XL; 40.000 ;0;0;0;0;0;0;0;0;0;0;$ 0;;;OK
116000000000000247;0247;CAMISETAS;CAMISETA DEPORTIVA ROSA HOMBRE S; 49.900 ;0;0;0;0;0;0;0;0;0;0;$ 0;;;OK
116000000000000246;0246;CAMISETAS;CAMISETA DEPORTIVA ROSA HOMBRE M; 49.900 ;;;;;;;;0;1;1;$ 0;;;SACAR DEL INVENTARIO
116000000000000245;0245;CAMISETAS;CAMISETA DEPORTIVA ROSA HOMBRE L; 49.900 ;0;0;0;0;0;0;0;0;0;0;$ 0;;;OK
116000000000000244;0244;CAMISETAS;CAMISETA DEPORTIVA ROSA HOMBRE XL; 49.900 ;0;0;0;0;0;0;0;0;0;0;$ 0;;;OK
116000000000000252;0252;CAMISETAS;CAMISETA DEPORTIVA ROSA MUJER XS; 49.900 ;0;0;0;0;0;0;0;0;0;0;$ 0;;;OK
116000000000000251;0251;CAMISETAS;CAMISETA DEPORTIVA ROSA MUJER S; 49.900 ;0;0;0;0;0;0;0;0;0;0;$ 0;;;OK
116000000000000250;0250;CAMISETAS;CAMISETA DEPORTIVA ROSA MUJER M; 49.900 ;0;0;0;0;0;0;0;0;0;0;$ 0;;;OK
116000000000000249;0249;CAMISETAS;CAMISETA DEPORTIVA ROSA MUJER L; 49.900 ;0;0;0;0;0;0;0;0;0;0;$ 0;;;OK
116000000000000248;0248;CAMISETAS;CAMISETA DEPORTIVA ROSA MUJER XL; 49.900 ;0;0;0;0;0;0;0;0;0;0;$ 0;;;OK
116000000000000057;0057;CAMISETAS;CAMISETA DEPORTIVA VERDE HOMBRE XS; 49.900 ;0;0;0;0;0;0;0;0;0;0;$ 0;;;OK
116000000000000055;0055;CAMISETAS;CAMISETA DEPORTIVA VERDE HOMBRE S; 49.900 ;0;0;0;0;0;0;0;0;0;0;$ 0;;;OK
116000000000000054;0054;CAMISETAS;CAMISETA DEPORTIVA VERDE HOMBRE M; 49.900 ;0;0;0;0;0;0;0;0;0;0;$ 0;;;OK
116000000000000053;0053;CAMISETAS;CAMISETA DEPORTIVA  VERDE HOMBRE L; 49.900 ;0;0;0;0;0;0;0;0;0;0;$ 0;;;OK
116000000000000056;0056;CAMISETAS;CAMISETA DEPORTIVA VERDE HOMBRE XL; 49.900 ;0;0;0;0;0;0;0;0;0;0;$ 0;;;OK
116000000000000062;0062;CAMISETAS;CAMISETA DEPORTIVA VERDE MUJER XS; 49.900 ;0;0;0;0;0;0;0;0;0;0;$ 0;;;OK
116000000000000060;0060;CAMISETAS;CAMISETA DEPORTIVA VERDE MUJER S; 49.900 ;0;0;0;0;0;0;0;0;0;0;$ 0;;;OK
116000000000000059;0059;CAMISETAS;CAMISETA DEPORTIVA VERDE MUJER M; 49.900 ;0;0;0;0;0;0;0;0;0;0;$ 0;;;OK
116000000000000058;0058;CAMISETAS;CAMISETA DEPORTIVA VERDE MUJER L; 49.900 ;0;0;0;0;0;0;0;0;0;0;$ 0;;;OK
116000000000000061;0061;CAMISETAS;CAMISETA DEPORTIVA VERDE MUJER XL; 49.900 ;0;0;0;0;0;0;0;0;0;0;$ 0;;;OK
116000000000000256;0256;CAMISETAS;CAMISETA I LOVE BLANCA HOMBRE S; 55.000 ;0;0;0;0;0;0;0;0;0;0;$ 0;;;OK
116000000000000255;0255;CAMISETAS;CAMISETA I LOVE BLANCA HOMBRE M; 55.000 ;0;0;0;0;0;0;0;0;0;0;$ 0;;;OK
116000000000000254;0254;CAMISETAS;CAMISETA I LOVE BLANCA HOMBRE L; 55.000 ;0;0;0;0;0;0;0;0;0;0;$ 0;;;OK
116000000000000253;0253;CAMISETAS;CAMISETA I LOVE BLANCA HOMBRE XL; 55.000 ;0;0;0;0;0;0;0;0;0;0;$ 0;;;OK
116000000000000261;0261;CAMISETAS;CAMISETA I LOVE BLANCA MUJER XS; 55.000 ;0;0;0;0;0;0;0;0;0;0;$ 0;;;OK
116000000000000260;0260;CAMISETAS;CAMISETA I LOVE BLANCA MUJER S; 55.000 ;;6;1;;;;;7;7;0;$ 385.000;;;OK
116000000000000259;0259;CAMISETAS;CAMISETA I LOVE BLANCA MUJER M; 55.000 ;;8;;;;;;8;7;-1;$ 440.000;; 55.000 ;Falta esa und en la CAMISETA NEGRA EAN MUJER S
116000000000000258;0258;CAMISETAS;CAMISETA I LOVE BLANCA MUJER L; 55.000 ;;5;;;;;;5;5;0;$ 275.000;;;OK
116000000000000257;0257;CAMISETAS;CAMISETA I LOVE BLANCA MUJER XL; 55.000 ;;4;;;;;;4;4;0;$ 220.000;;;OK
116000000000000265;0265;CAMISETAS;CAMISETA I LOVE NEGRA HOMBRE S; 55.000 ;;;1;;;;;1;1;0;$ 55.000;;;OK
116000000000000264;0264;CAMISETAS;CAMISETA I LOVE NEGRA HOMBRE M; 55.000 ;0;0;0;0;0;0;0;0;0;0;$ 0;;;OK
116000000000000263;0263;CAMISETAS;CAMISETA I LOVE NEGRA HOMBRE L; 55.000 ;0;0;0;0;0;0;0;0;0;0;$ 0;;;OK
116000000000000262;0262;CAMISETAS;CAMISETA I LOVE NEGRA HOMBRE XL; 55.000 ;0;0;0;0;0;0;0;0;0;0;$ 0;;;OK
116000000000000270;0270;CAMISETAS;CAMISETA I LOVE NEGRA MUJER XS; 55.000 ;0;0;0;0;0;0;0;0;0;0;$ 0;;;OK
116000000000000269;0269;CAMISETAS;CAMISETA I LOVE NEGRA MUJER S; 55.000 ;;7;;;;;;7;7;0;$ 385.000;;;OK
116000000000000268;0268;CAMISETAS;CAMISETA I LOVE NEGRA MUJER M; 55.000 ;;6;;;;;;6;6;0;$ 330.000;;;OK
116000000000000267;0267;CAMISETAS;CAMISETA I LOVE NEGRA MUJER L; 55.000 ;;4;;;;;;4;4;0;$ 220.000;;;OK
116000000000000266;0266;CAMISETAS;CAMISETA I LOVE NEGRA MUJER XL; 55.000 ;;6;;;;;;6;5;-1;$ 330.000;; 55.000 ;Falta esa und en la CAMISETA NEGRA EAN MUJER M
116000000000000077;0077;CAMISETAS;CAMISETA LOGO NEGRA HOMBRE XS; 37.500 ;0;0;0;0;0;0;0;0;0;0;$ 0;;;OK
116000000000000075;0075;CAMISETAS;CAMISETA LOGO NEGRA HOMBRE S; 37.500 ;0;0;0;0;0;0;0;0;0;0;$ 0;;;OK
116000000000000074;0074;CAMISETAS;CAMISETA LOGO NEGRA HOMBRE M; 37.500 ;0;0;0;0;0;0;0;0;0;0;$ 0;;;OK
116000000000000073;0073;CAMISETAS;CAMISETA LOGO NEGRA HOMBRE L; 37.500 ;0;0;0;0;0;0;0;0;0;0;$ 0;;;OK
116000000000000076;0076;CAMISETAS;CAMISETA LOGO NEGRA HOMBRE XL; 37.500 ;0;0;0;0;0;0;0;0;0;0;$ 0;;;OK
116000000000000082;0082;CAMISETAS;CAMISETA LOGO NEGRA MUJER XS; 37.500 ;0;0;0;0;0;0;0;0;0;0;$ 0;;;OK
116000000000000080;0080;CAMISETAS;CAMISETA LOGO NEGRA MUJER S; 37.500 ;0;0;1;0;0;0;0;1;1;0;$ 37.500;;;OK
116000000000000079;0079;CAMISETAS;CAMISETA LOGO NEGRA MUJER M; 37.500 ;0;0;0;0;0;0;0;0;0;0;$ 0;;;OK
116000000000000078;0078;CAMISETAS;CAMISETA LOGO NEGRA MUJER L; 37.500 ;0;0;0;0;0;0;0;0;0;0;$ 0;;;OK
116000000000000081;0081;CAMISETAS;CAMISETA LOGO NEGRA MUJER XL; 37.500 ;0;0;0;0;0;0;0;0;0;0;$ 0;;;OK
116000000000000452;0452;CAMISETAS;CAMISETA NEGRA EAN HOMBRE S; 55.000 ;;2;1;;;;;3;3;0;$ 165.000;;;OK
116000000000000453;0453;CAMISETAS;CAMISETA NEGRA EAN HOMBRE M; 55.000 ;0;0;0;0;0;0;0;0;0;0;$ 0;;;OK
116000000000000454;0454;CAMISETAS;CAMISETA NEGRA EAN HOMBRE L; 55.000 ;;5;;;;;;5;5;0;$ 275.000;;;OK
116000000000000455;0455;CAMISETAS;CAMISETA NEGRA EAN HOMBRE XL; 55.000 ;;4;;;;;;4;4;0;$ 220.000;;;OK
116000000000000456;0456;CAMISETAS;CAMISETA NEGRA EAN MUJER XS; 55.000 ;0;0;0;0;0;0;0;0;0;0;$ 0;;;OK
116000000000000457;0457;CAMISETAS;CAMISETA NEGRA EAN MUJER S; 55.000 ;;;;;;;;0;1;1;$ 0;$ 55.000;;Sobra esa und en la CAMISETA O LOVE BLANCA MUJER M
116000000000000458;0458;CAMISETAS;CAMISETA NEGRA EAN MUJER M; 55.000 ;;;;;;;;0;1;1;$ 0;$ 55.000;;Sobra esa und en la CAMISETA O LOVE NEGRA MUJER XL
116000000000000459;0459;CAMISETAS;CAMISETA NEGRA EAN MUJER L; 55.000 ;;5;;;;;;5;5;0;$ 275.000;;;OK
116000000000000460;0460;CAMISETAS;CAMISETA NEGRA EAN MUJER XL; 55.000 ;;5;;;;;;5;5;0;$ 275.000;;;OK
116000000000000283;0283;CAMISETAS;CAMISETA POLO GRIS HOMBRE S; 59.900 ;0;0;0;0;0;0;0;0;0;0;$ 0;;;OK
116000000000000282;0282;CAMISETAS;CAMISETA POLO GRIS HOMBRE M; 59.900 ;0;0;0;0;0;0;0;0;0;0;$ 0;;;OK
116000000000000281;0281;CAMISETAS;CAMISETA POLO GRIS HOMBRE L; 59.900 ;0;0;0;0;0;0;0;0;0;0;$ 0;;;OK
116000000000000280;0280;CAMISETAS;CAMISETA POLO GRIS HOMBRE XL; 59.900 ;0;0;0;0;0;0;0;0;0;0;$ 0;;;OK
116000000000000288;0288;CAMISETAS;CAMISETA POLO GRIS MUJER XS; 59.900 ;;;1;;;;;1;1;0;$ 59.900;;;OK
116000000000000287;0287;CAMISETAS;CAMISETA POLO GRIS MUJER S; 59.900 ;;;;;;;;0;1;1;$ 0;;;SACAR DEL INVENTARIO
116000000000000286;0286;CAMISETAS;CAMISETA POLO GRIS MUJER M; 59.900 ;0;0;0;0;0;0;0;0;0;0;$ 0;;;OK
116000000000000285;0285;CAMISETAS;CAMISETA POLO GRIS MUJER L; 59.900 ;0;0;0;0;0;0;0;0;0;0;$ 0;;;OK
116000000000000284;0284;CAMISETAS;CAMISETA POLO GRIS MUJER XL; 59.900 ;0;0;0;0;0;0;0;0;0;0;$ 0;;;OK
116000000000000274;0274;CAMISETAS;CAMISETA POLO NEGRA HOMBRE S; 59.900 ;0;0;0;0;0;0;0;0;0;0;$ 0;;;OK
116000000000000273;0273;CAMISETAS;CAMISETA POLO NEGRA HOMBRE M; 59.900 ;0;0;0;0;0;0;0;0;0;0;$ 0;;;OK
116000000000000272;0272;CAMISETAS;CAMISETA POLO NEGRA HOMBRE L; 59.900 ;0;0;0;0;0;0;0;0;0;0;$ 0;;;OK
116000000000000271;0271;CAMISETAS;CAMISETA POLO NEGRA HOMBRE XL; 59.900 ;;;;;;;;0;1;1;$ 0;;;SACAR DEL INVENTARIO
116000000000000279;0279;CAMISETAS;CAMISETA POLO NEGRA MUJER XS; 59.900 ;0;0;0;0;0;0;0;0;0;0;$ 0;;;OK
116000000000000278;0278;CAMISETAS;CAMISETA POLO NEGRA MUJER S; 59.900 ;0;0;0;0;0;0;0;0;0;0;$ 0;;;OK
116000000000000277;0277;CAMISETAS;CAMISETA POLO NEGRA MUJER M; 59.900 ;0;0;0;0;0;0;0;0;0;0;$ 0;;;OK
116000000000000276;0276;CAMISETAS;CAMISETA POLO NEGRA MUJER L; 59.900 ;0;0;0;0;0;0;0;0;0;0;$ 0;;;OK
116000000000000275;0275;CAMISETAS;CAMISETA POLO NEGRA MUJER XL; 59.900 ;0;0;0;0;0;0;0;0;0;0;$ 0;;;OK
116000000000000116;0116;CAMISETAS;CAMISETA SUBLIMADA VERDE HOMBRE XS; 46.000 ;0;0;0;0;0;0;0;0;0;0;$ 0;;;OK
116000000000000117;0117;CAMISETAS;CAMISETA SUBLIMADA VERDE HOMBRE S; 46.000 ;0;0;0;0;0;0;0;0;0;0;$ 0;;;OK
116000000000000118;0118;CAMISETAS;CAMISETA SUBLIMADA VERDE HOMBRE M; 46.000 ;0;0;0;0;0;0;0;0;0;0;$ 0;;;OK
116000000000000119;0119;CAMISETAS;CAMISETA SUBLIMADA VERDE HOMBRE L; 46.000 ;0;0;0;0;0;0;0;0;0;0;$ 0;;;OK
116000000000000120;0120;CAMISETAS;CAMISETA SUBLIMADA VERDE HOMBRE XL; 46.000 ;0;0;0;0;0;0;0;0;0;0;$ 0;;;OK
116000000000000111;0111;CAMISETAS;CAMISETA SUBLIMADA VERDE MUJER XS; 46.000 ;;;;;;;;0;3;3;$ 0;;;SACAR DEL INVENTARIO
116000000000000112;0112;CAMISETAS;CAMISETA SUBLIMADA MUJER VERDE S; 46.000 ;0;0;0;0;0;0;0;0;0;0;$ 0;;;OK
116000000000000113;0113;CAMISETAS;CAMISETA SUBLIMADA VERDE MUJER M; 46.000 ;0;0;0;0;0;0;0;0;0;0;$ 0;;;OK
116000000000000114;0114;CAMISETAS;CAMISETA SUBLIMADA VERDE MUJER L; 46.000 ;0;0;0;0;0;0;0;0;0;0;$ 0;;;OK
116000000000000115;0115;CAMISETAS;CAMISETA SUBLIMADA VERDE MUJER XL; 46.000 ;0;0;0;0;0;0;0;0;0;0;$ 0;;;OK
116000000000000139;0139;CAMISETAS;CAMISETA TRES CUARTOS AMARILLA HOMBRE S; 65.900 ;;3;;;;;;3;3;0;$ 197.700;;;OK
116000000000000140;0140;CAMISETAS;CAMISETA TRES CUARTOS AMARILLA HOMBRE M; 65.900 ;;10;;;;;;10;10;0;$ 659.000;;;OK
116000000000000141;0141;CAMISETAS;CAMISETA TRES CUARTOS AMARILLA HOMBRE L; 65.900 ;;7;;;;;;7;7;0;$ 461.300;;;OK
116000000000000142;0142;CAMISETAS;CAMISETA TRES CUARTOS AMARILLA HOMBRE XL; 65.900 ;;5;;;;;;5;5;0;$ 329.500;;;OK
116000000000000127;0127;CAMISETAS;CAMISETA TRES CUARTOS GRIS HOMBRE S; 65.900 ;;0;;;;;;0;0;0;$ 0;;;OK
116000000000000128;0128;CAMISETAS;CAMISETA TRES CUARTOS GRIS HOMBRE M; 65.900 ;;4;;;;;;4;4;0;$ 263.600;;;OK
116000000000000129;0129;CAMISETAS;CAMISETA TRES CUARTOS GRIS HOMBRE L; 65.900 ;;5;;;;;;5;5;0;$ 329.500;;;OK
116000000000000130;0130;CAMISETAS;CAMISETA TRES CUARTOS GRIS HOMBRE XL; 65.900 ;;1;;;;;;1;1;0;$ 65.900;;;OK
116000000000000143;0143;CAMISETAS;CAMISETA TRES CUARTOS MORADO HOMBRE S; 65.900 ;;7;;;;;;7;7;0;$ 461.300;;;OK
116000000000000144;0144;CAMISETAS;CAMISETA TRES CUARTOS MORADO HOMBRE M; 65.900 ;;8;;;;;;8;8;0;$ 527.200;;;OK
116000000000000145;0145;CAMISETAS;CAMISETA TRES CUARTOS MORADO HOMBRE L; 65.900 ;;3;;;;;;3;3;0;$ 197.700;;;OK
116000000000000146;0146;CAMISETAS;CAMISETA TRES CUARTOS MORADO HOMBRE XL; 65.900 ;;0;;;;;;0;0;0;$ 0;;;OK
116000000000000131;0131;CAMISETAS;CAMISETA TRES CUARTOS TURQUESA HOMBRE S; 65.900 ;;0;;;;;;0;0;0;$ 0;;;OK
116000000000000132;0132;CAMISETAS;CAMISETA TRES CUARTOS TURQUESA HOMBRE M; 65.900 ;;3;;;;;;3;3;0;$ 197.700;;;OK
116000000000000133;0133;CAMISETAS;CAMISETA TRES CUARTOS TURQUESA HOMBRE L; 65.900 ;;8;;;;;;8;8;0;$ 527.200;;;OK
116000000000000134;0134;CAMISETAS;CAMISETA TRES CUARTOS TURQUESA HOMBRE XL; 65.900 ;;3;;;;;;3;3;0;$ 197.700;;;OK
116000000000000135;0135;CAMISETAS;CAMISETA TRES CUARTOS VERDE HOMBRE S; 65.900 ;;0;;;;;;0;0;0;$ 0;;;OK
116000000000000136;0136;CAMISETAS;CAMISETA TRES CUARTOS VERDE HOMBRE M; 65.900 ;;;;;;;;0;0;0;$ 0;$ 0;;Sobra esa und en la CAMISETA TRES CUARTOS TURQUESA MUJER L
116000000000000137;0137;CAMISETAS;CAMISETA TRES CUARTOS VERDE HOMBRE L; 65.900 ;;7;1;;;;;8;8;0;$ 527.200;;;OK
116000000000000138;0138;CAMISETAS;CAMISETA TRES CUARTOS VERDE HOMBRE XL; 65.900 ;;4;;;;;;4;4;0;$ 263.600;;;OK
116000000000000167;0167;CAMISETAS;CAMISETA TRES CUARTOS AMARILLA MUJER XS; 65.900 ;;5;1;;;;;6;6;0;$ 395.400;;;OK
116000000000000168;0168;CAMISETAS;CAMISETA TRES CUARTOS AMARILLA MUJER S; 65.900 ;;2;;;;;;2;2;0;$ 131.800;;;OK
116000000000000169;0169;CAMISETAS;CAMISETA TRES CUARTOS AMARILLA MUJER M; 65.900 ;0;0;0;0;0;0;0;0;0;0;$ 0;;;OK
116000000000000170;0170;CAMISETAS;CAMISETA TRES CUARTOS AMARILLA MUJER L; 65.900 ;;5;;;;;;5;5;0;$ 329.500;;;OK
116000000000000171;0171;CAMISETAS;CAMISETA TRES CUARTOS AMARILLA MUJER XL; 65.900 ;;2;;;;;;2;2;0;$ 131.800;;;OK
116000000000000147;0147;CAMISETAS;CAMISETA TRES CUARTOS GRIS MUJER XS; 65.900 ;;4;1;;;;;5;5;0;$ 329.500;;;OK
116000000000000148;0148;CAMISETAS;CAMISETA TRES CUARTOS GRIS MUJER S; 65.900 ;;2;;;;;;2;2;0;$ 131.800;;;OK
116000000000000149;0149;CAMISETAS;CAMISETA TRES CUARTOS GRIS MUJER M; 65.900 ;;3;;;;;;3;3;0;$ 197.700;;;OK
116000000000000150;0150;CAMISETAS;CAMISETA TRES CUARTOS GRIS MUJER L; 65.900 ;;4;;;;;;4;4;0;$ 263.600;;;OK
116000000000000151;0151;CAMISETAS;CAMISETA TRES CUARTOS GRIS MUJER XL; 65.900 ;0;0;0;0;0;0;0;0;0;0;$ 0;;;OK
116000000000000162;0162;CAMISETAS;CAMISETA TRES CUARTOS MORADO MUJER XS; 65.900 ;;0;1;;;;;1;1;0;$ 65.900;;;OK
116000000000000163;0163;CAMISETAS;CAMISETA TRES CUARTOS MORADO MUJER S; 65.900 ;0;0;0;0;0;0;0;0;0;0;$ 0;;;OK
116000000000000164;0164;CAMISETAS;CAMISETA TRES CUARTOS MORADO MUJER M; 65.900 ;;2;;;;;;2;2;0;$ 131.800;;;OK
116000000000000165;0165;CAMISETAS;CAMISETA TRES CUARTOS MORADO MUJER L; 65.900 ;;4;;;;;;4;4;0;$ 263.600;;;OK
116000000000000166;0166;CAMISETAS;CAMISETA TRES CUARTOS MORADO MUJER XL; 65.900 ;;2;;;;;;2;2;0;$ 131.800;;;OK
116000000000000152;0152;CAMISETAS;CAMISETA TRES CUARTOS TURQUESA MUJER XS; 65.900 ;;0;;;;;;0;1;1;$ 0;$ 65.900;;Sobra esa und en la CAMISETA TRES CUARTOS TURQUESA MUJER XL
116000000000000153;0153;CAMISETAS;CAMISETA TRES CUARTOS TURQUESA MUJER S; 65.900 ;;4;1;;;;;5;5;0;$ 329.500;;;OK
116000000000000154;0154;CAMISETAS;CAMISETA TRES CUARTOS TURQUESA MUJER M; 65.900 ;0;0;0;0;0;0;0;0;0;0;$ 0;;;OK
116000000000000155;0155;CAMISETAS;CAMISETA TRES CUARTOS TURQUESA MUJER L; 65.900 ;;2;;;;;;2;1;-1;$ 131.800;; 65.900 ;Falta esa und en la CAMISETA TRES CUARTOS VERDE HOMBRE M
116000000000000156;0156;CAMISETAS;CAMISETA TRES CUARTOS TURQUESA MUJER XL; 65.900 ;;2;1;;;;;3;2;-1;$ 197.700;; 65.900 ;Falta esa und en la CAMISETA TRES CUARTOS TURQUESA MUJER XS
116000000000000157;0157;CAMISETAS;CAMISETA TRES CUARTOS VERDE MUJER XS; 65.900 ;0;0;0;0;0;0;0;0;0;0;$ 0;;;OK
116000000000000158;0158;CAMISETAS;CAMISETA TRES CUARTOS VERDE MUJER S; 65.900 ;;1;;;;;;1;1;0;$ 65.900;;;OK
116000000000000159;0159;CAMISETAS;CAMISETA TRES CUARTOS VERDE MUJER M; 65.900 ;0;0;0;0;0;0;0;0;0;0;$ 0;;;OK
116000000000000160;0160;CAMISETAS;CAMISETA TRES CUARTOS VERDE MUJER L; 65.900 ;;3;1;;;;;4;4;0;$ 263.600;;;OK
116000000000000161;0161;CAMISETAS;CAMISETA TRES CUARTOS VERDE MUJER XL; 65.900 ;;2;;;;;;2;2;0;$ 131.800;;;OK
116000000000000293;0293;CHAQUETAS;CHAQUETA BOMPER GRIS / BLANCA HOMBRE XS; 129.900 ;;;;;;;;0;0;0;$ 0;;;OK
116000000000000292;0292;CHAQUETAS;CHAQUETA BOMPER GRIS / BLANCA HOMBRE S; 129.900 ;;;;;;;;0;0;0;$ 0;;;OK
116000000000000291;0291;CHAQUETAS;CHAQUETA BOMPER GRIS / BLANCA HOMBRE M; 129.900 ;;;;;;;;0;0;0;$ 0;;;OK
116000000000000290;0290;CHAQUETAS;CHAQUETA BOMPER GRIS / BLANCA HOMBRE L; 129.900 ;;;;;;;;0;0;0;$ 0;;;OK
116000000000000289;0289;CHAQUETAS;CHAQUETA BOMPER GRIS / BLANCA HOMBRE XL; 129.900 ;;;;;;;;0;0;0;$ 0;;;OK
116000000000000298;0298;CHAQUETAS;CHAQUETA BOMPER GRIS / BLANCA MUJER XS; 129.900 ;;;;;;;;0;0;0;$ 0;;;OK
116000000000000297;0297;CHAQUETAS;CHAQUETA BOMPER GRIS / BLANCA MUJER S; 129.900 ;;;;;;;;0;0;0;$ 0;;;OK
116000000000000296;0296;CHAQUETAS;CHAQUETA BOMPER GRIS / BLANCA MUJER M; 129.900 ;;;;;;;;0;0;0;$ 0;;;OK
116000000000000295;0295;CHAQUETAS;CHAQUETA BOMPER GRIS / BLANCA MUJER L; 129.900 ;;;;;;;;0;1;1;$ 0;$ 129.900;;No se les pudo dar salida del inventario
116000000000000294;0294;CHAQUETAS;CHAQUETA BOMPER GRIS / BLANCA MUJER XL; 129.900 ;;;;;;;;0;0;0;$ 0;;;OK
116000000000000303;0303;CHAQUETAS;CHAQUETA BOMPER GRIS / NEGRA HOMBRE XS; 129.900 ;;;;;;;;0;0;0;$ 0;;;OK
116000000000000302;0302;CHAQUETAS;CHAQUETA BOMPER GRIS / NEGRA HOMBRE S; 129.900 ;;;2;;;;;2;2;0;$ 259.800;;;OK
116000000000000301;0301;CHAQUETAS;CHAQUETA BOMPER GRIS / NEGRA HOMBRE M; 129.900 ;;;;;;;;0;0;0;$ 0;;;OK
116000000000000300;0300;CHAQUETAS;CHAQUETA BOMPER GRIS / NEGRA HOMBRE L; 129.900 ;;;;;;;;0;0;0;$ 0;;;OK
116000000000000299;0299;CHAQUETAS;CHAQUETA BOMPER GRIS / NEGRA HOMBRE XL; 129.900 ;;;;;;;;0;0;0;$ 0;;;OK
116000000000000308;0308;CHAQUETAS;CHAQUETA BOMPER GRIS / NEGRA MUJER XS; 129.900 ;;;;;;;;0;0;0;$ 0;;;OK
116000000000000307;0307;CHAQUETAS;CHAQUETA BOMPER GRIS / NEGRA MUJER S; 129.900 ;;;1;;;;;1;1;0;$ 129.900;;;OK
116000000000000306;0306;CHAQUETAS;CHAQUETA BOMPER GRIS / NEGRA MUJER M; 129.900 ;;;2;;;;;2;2;0;$ 259.800;;;OK
116000000000000305;0305;CHAQUETAS;CHAQUETA BOMPER GRIS / NEGRA MUJER L; 129.900 ;;;3;;;;;3;3;0;$ 389.700;;;OK
116000000000000304;0304;CHAQUETAS;CHAQUETA BOMPER GRIS / NEGRA MUJER XL; 129.900 ;;;1;;;;;1;1;0;$ 129.900;;;OK
116000000000000376;0376;CHAQUETAS;CHAQUETA BOMPER NEGRA COLIBRI HOMBRE S; 164.000 ;2;;1;;;;;3;3;0;$ 492.000;;;OK
116000000000000377;0377;CHAQUETAS;CHAQUETA BOMPER NEGRA COLIBRI HOMBRE M; 164.000 ;;;;;;;;0;0;0;$ 0;;;OK
116000000000000378;0378;CHAQUETAS;CHAQUETA BOMPER NEGRA COLIBRI HOMBRE L; 164.000 ;;;;;;;;0;0;0;$ 0;;;OK
116000000000000379;0379;CHAQUETAS;CHAQUETA BOMPER NEGRA COLIBRI HOMBRE XL; 164.000 ;3;;;;;;;3;3;0;$ 492.000;;;OK
116000000000000380;0380;CHAQUETAS;CHAQUETA BOMPER NEGRA COLIBRI HOMBRE XXL; 164.000 ;;;;;;;;0;0;0;$ 0;;;OK
116000000000000370;0370;CHAQUETAS;CHAQUETA BOMPER NEGRA COLIBRI MUJER XS; 164.000 ;;;;;;;;0;0;0;$ 0;;;OK
116000000000000371;0371;CHAQUETAS;CHAQUETA BOMPER NEGRA COLIBRI MUJER S; 164.000 ;;;;;;;;0;0;0;$ 0;;;OK
116000000000000372;0372;CHAQUETAS;CHAQUETA BOMPER NEGRA COLIBRI MUJER M; 164.000 ;2;;;;;;;2;2;0;$ 328.000;;;OK
116000000000000373;0373;CHAQUETAS;CHAQUETA BOMPER NEGRA COLIBRI MUJER L; 164.000 ;1;;;;;;;1;1;0;$ 164.000;;;OK
116000000000000374;0374;CHAQUETAS;CHAQUETA BOMPER NEGRA COLIBRI MUJER XL; 164.000 ;1;;;;;;;1;1;0;$ 164.000;;;OK
116000000000000375;0375;CHAQUETAS;CHAQUETA BOMPER NEGRA COLIBRI MUJER XXL; 164.000 ;;;;;;;;0;1;1;$ 0;$ 164.000;;No se les pudo dar salida del inventario
116000000000000194;0194;CHAQUETAS;CHAQUETA BOMPER 1967  NEGRA HOMBRE S; 164.000 ;4;0;1;;;;;5;5;0;$ 820.000;;;OK
116000000000000195;0195;CHAQUETAS;CHAQUETA BOMPER 1967  NEGRA HOMBRE M; 164.000 ;;5;;;;;;5;5;0;$ 820.000;;;OK
116000000000000196;0196;CHAQUETAS;CHAQUETA BOMPER 1967  NEGRA HOMBRE L; 164.000 ;3;2;1;;;;;6;6;0;$ 984.000;;;OK
116000000000000197;0197;CHAQUETAS;CHAQUETA BOMPER 1967  NEGRA HOMBRE XL; 164.000 ;2;3;;;;;;5;5;0;$ 820.000;;;OK
116000000000000384;0384;CHAQUETAS;CHAQUETA BOMPER 1967 NEGRA HOMBRE XXL; 164.000 ;;8;;;;;;8;8;0;$ 1.312.000;;;OK
116000000000000190;0190;CHAQUETAS;CHAQUETA BOMPER 1967 GRIS HOMBRE S; 164.000 ;1;4;;1;;;;6;6;0;$ 984.000;;;OK
116000000000000191;0191;CHAQUETAS;CHAQUETA BOMPER 1967 GRIS HOMBRE M; 164.000 ;;7;;;;;;7;7;0;$ 1.148.000;;;OK
116000000000000192;0192;CHAQUETAS;CHAQUETA BOMPER 1967 GRIS HOMBRE L; 164.000 ;;5;;;;;;5;5;0;$ 820.000;;;OK
116000000000000193;0193;CHAQUETAS;CHAQUETA BOMPER 1967 GRIS HOMBRE XL; 164.000 ;;6;;;;;;6;6;0;$ 984.000;;;OK
116000000000000198;0198;CHAQUETAS;CHAQUETA BOMPER 1967 GRIS MUJER XS; 164.000 ;;3;1;;;;1;5;5;0;$ 820.000;;;OK
116000000000000199;0199;CHAQUETAS;CHAQUETA BOMPER 1967 GRIS MUJER S; 164.000 ;;4;;;;; ;4;4;0;$ 656.000;;;OK
116000000000000200;0200;CHAQUETAS;CHAQUETA BOMPER 1967 GRIS MUJER M; 164.000 ;;1;;;;;;1;1;0;$ 164.000;;;OK
116000000000000201;0201;CHAQUETAS;CHAQUETA BOMPER 1967 GRIS MUJER L; 164.000 ;;3;;;;;;3;3;0;$ 492.000;;;OK
116000000000000202;0202;CHAQUETAS;CHAQUETA BOMPER 1967 GRIS MUJER XL; 164.000 ;;7;;;;;;7;7;0;$ 1.148.000;;;OK
116000000000000203;0203;CHAQUETAS;CHAQUETA BOMPER 1967 NEGRA MUJER XS; 164.000 ;;8;;;;;;8;8;0;$ 1.312.000;;;OK
116000000000000204;0204;CHAQUETAS;CHAQUETA BOMPER 1967 NEGRA MUJER S; 164.000 ;4;4;;;;;;8;8;0;$ 1.312.000;;;OK
116000000000000205;0205;CHAQUETAS;CHAQUETA BOMPER 1967 NEGRA MUJER M; 164.000 ;;6;;1;;;;7;7;0;$ 1.148.000;;;OK
116000000000000206;0206;CHAQUETAS;CHAQUETA BOMPER 1967 NEGRA MUJER L; 164.000 ;;1;;;;;;1;1;0;$ 164.000;;;OK
116000000000000207;0207;CHAQUETAS;CHAQUETA BOMPER 1967 NEGRA MUJER XL; 164.000 ;1;7;;;;;;8;8;0;$ 1.312.000;;;OK
116000000000000313;0313;CHAQUETAS;CHAQUETA COMBINADA TURQUESA HOMBRE XS; 150.000 ;;;;;;;;0;0;0;$ 0;;;OK
116000000000000312;0312;CHAQUETAS;CHAQUETA COMBINADA TURQUESA HOMBRE S; 150.000 ;;;;;;;;0;0;0;$ 0;;;OK
116000000000000311;0311;CHAQUETAS;CHAQUETA COMBINADA TURQUESA HOMBRE M; 150.000 ;;1;;;;;;1;1;0;$ 150.000;;;OK
116000000000000310;0310;CHAQUETAS;CHAQUETA COMBINADA TURQUESA HOMBRE L; 150.000 ;;5;;;;;;5;5;0;$ 750.000;;;OK
116000000000000309;0309;CHAQUETAS;CHAQUETA COMBINADA TURQUESA HOMBRE XL; 150.000 ;;1;;;;;;1;1;0;$ 150.000;;;OK
116000000000000382;0382;CHAQUETAS;CHAQUETA COMBINADA TURQUESA HOMBRE XXL; 150.000 ;;5;;;;;;5;5;0;$ 750.000;;;OK
116000000000000318;0318;CHAQUETAS;CHAQUETA COMBINADA TURQUESA MUJER XS; 150.000 ;;;;;;;;0;1;1;$ 0;$ 150.000;;No se les pudo dar salida del inventario
116000000000000317;0317;CHAQUETAS;CHAQUETA COMBINADA TURQUESA MUJER S; 150.000 ;;1;2;;;;0;3;3;0;$ 450.000;;;OK
116000000000000316;0316;CHAQUETAS;CHAQUETA COMBINADA TURQUESA MUJER M; 150.000 ;;4;;;;;;4;4;0;$ 600.000;;;OK
116000000000000315;0315;CHAQUETAS;CHAQUETA COMBINADA TURQUESA MUJER L; 150.000 ;;2;;;;;1;3;3;0;$ 450.000;;;OK
116000000000000314;0314;CHAQUETAS;CHAQUETA COMBINADA TURQUESA MUJER XL; 150.000 ;;3;;;;;;3;3;0;$ 450.000;;;OK
116000000000000381;0381;CHAQUETAS;CHAQUETA COMBINADA TURQUESA MUJER XXL; 150.000 ;;3;;;;;;3;3;0;$ 450.000;;;OK
116000000000000323;0323;CHAQUETAS;CHAQUETA COMBINADA VERDE HOMBRE XS; 150.000 ;;;;;;;;0;0;0;$ 0;;;OK
116000000000000322;0322;CHAQUETAS;CHAQUETA COMBINADA VERDE HOMBRE S; 150.000 ;;4;;;;;;4;4;0;$ 600.000;;;OK
116000000000000321;0321;CHAQUETAS;CHAQUETA COMBINADA VERDE HOMBRE M; 150.000 ;;;;;;;;0;1;1;$ 0;$ 150.000;;No se les pudo dar salida del inventario
116000000000000320;0320;CHAQUETAS;CHAQUETA COMBINADA VERDE HOMBRE L; 150.000 ;;;;;;;;0;0;0;$ 0;;;OK
116000000000000319;0319;CHAQUETAS;CHAQUETA COMBINADA VERDE HOMBRE XL; 150.000 ;;;;;;;;0;0;0;$ 0;;;OK
116000000000000383;0383;CHAQUETAS;CHAQUETA COMBINADA VERDE HOMBRE XXL; 150.000 ;;4;;;;;;4;4;0;$ 600.000;;;OK
116000000000000328;0328;CHAQUETAS;CHAQUETA COMBINADA VERDE MUJER XS; 150.000 ;;1;;;;;;1;1;0;$ 150.000;;;OK
116000000000000327;0327;CHAQUETAS;CHAQUETA COMBINADA VERDE MUJER S; 150.000 ;;1;;;;;;1;1;0;$ 150.000;;;OK
116000000000000326;0326;CHAQUETAS;CHAQUETA COMBINADA VERDE MUJER M; 150.000 ;;;;;;;;0;0;0;$ 0;;;OK
116000000000000325;0325;CHAQUETAS;CHAQUETA COMBINADA VERDE MUJER L; 150.000 ;;1;;;;;;1;1;0;$ 150.000;;;OK
116000000000000324;0324;CHAQUETAS;CHAQUETA COMBINADA VERDE MUJER XL; 150.000 ;;2;;;;;;2;2;0;$ 300.000;;;OK
116000000000000219;0219;CHAQUETAS;CHAQUETA BEISBOLERA GRIS NEGRA HOMBRE XS; 169.900 ;0;10;1;0;0;0;0;11;11;0;$ 1.868.900;;;OK
116000000000000220;0220;CHAQUETAS;CHAQUETA BEISBOLERA GRIS NEGRA HOMBRE S; 169.900 ;0;4;0;0;0;0;0;4;4;0;$ 679.600;;;OK
116000000000000221;0221;CHAQUETAS;CHAQUETA BEISBOLERA GRIS NEGRA HOMBRE M; 169.900 ;0;0;0;0;0;0;0;0;0;0;$ 0;;;OK
116000000000000222;0222;CHAQUETAS;CHAQUETA BEISBOLERA GRIS NEGRA HOMBRE L; 169.900 ;0;0;0;0;0;0;0;0;0;0;$ 0;;;OK
116000000000000223;0223;CHAQUETAS;CHAQUETA BEISBOLERA GRIS NEGRA HOMBRE XL; 169.900 ;0;3;0;0;0;0;0;3;3;0;$ 509.700;;;OK
116000000000000214;0214;CHAQUETAS;CHAQUETA BEISBOLERA NEGRA MARFIL MUJERXS; 169.900 ;0;9;1;0;0;0;0;10;10;0;$ 1.699.000;;;OK
116000000000000215;0215;CHAQUETAS;CHAQUETA BEISBOLERA NEGRA MARFIL MUJER S; 169.900 ;0;0;0;0;0;0;0;0;1;1;$ 0;$ 169.900;;No se les pudo dar salida del inventario
116000000000000217;0217;CHAQUETAS;CHAQUETA BEISBOLERA NEGRA MARFIL MUJER L; 169.900 ;0;3;0;0;0;0;0;3;3;0;$ 509.700;;;OK
116000000000000216;0216;CHAQUETAS;CHAQUETA BEISBOLERA NEGRA MARFIL MUJER M; 169.900 ;0;1;0;0;0;0;0;1;1;0;$ 169.900;;;OK
116000000000000218;0218;CHAQUETAS;CHAQUETA BEISBOLERA NEGRA MARFIL MUJERXL; 169.900 ;0;4;0;0;0;0;0;4;4;0;$ 679.600;;;OK
116000000000000487;0487;CHAQUETAS;CHAQUETA ROMPEVIENTOS AMARILA XS; 157.000 ;0;2;1;0;0;0;0;3;3;0;$ 471.000;;;OK
116000000000000488;0488;CHAQUETAS;CHAQUETA ROMPEVIENTOS AMARILA S; 157.000 ;0;5;0;0;0;0;0;5;5;0;$ 785.000;;;OK
116000000000000489;0489;CHAQUETAS;CHAQUETA ROMPEVIENTOS AMARILA M; 157.000 ;0;0;0;0;0;0;0;0;3;3;$ 0;$ 471.000;;Sobra esa und en la CHAQUETA ROMPEVIENTOS TURQUESA XXL y FALTAN 2
116000000000000490;0490;CHAQUETAS;CHAQUETA ROMPEVIENTOS AMARILA L; 157.000 ;0;3;0;0;0;0;0;3;3;0;$ 471.000;;;OK
116000000000000491;0491;CHAQUETAS;CHAQUETA ROMPEVIENTOS AMARILA XL; 157.000 ;0;3;0;0;0;0;0;3;3;0;$ 471.000;;;OK
116000000000000492;0492;CHAQUETAS;CHAQUETA ROMPEVIENTOS AMARILA XXL; 157.000 ;0;4;0;0;0;0;0;4;4;0;$ 628.000;;;OK
116000000000000505;0505;CHAQUETAS;CHAQUETA ROMPEVIENTOS MORADA XS; 157.000 ;0;0;0;0;0;0;0;0;0;0;$ 0;;;OK
116000000000000506;0506;CHAQUETAS;CHAQUETA ROMPEVIENTOS MORADA S; 157.000 ;0;0;1;0;0;0;0;1;1;0;$ 157.000;;;OK
116000000000000507;0507;CHAQUETAS;CHAQUETA ROMPEVIENTOS MORADA M; 157.000 ;0;2;0;0;0;0;0;2;2;0;$ 314.000;;;OK
116000000000000508;0508;CHAQUETAS;CHAQUETA ROMPEVIENTOS MORADA L; 157.000 ;0;7;0;0;0;0;0;7;7;0;$ 1.099.000;;;OK
116000000000000509;0509;CHAQUETAS;CHAQUETA ROMPEVIENTOS MORADA XL; 157.000 ;0;6;0;0;0;0;0;6;6;0;$ 942.000;;;OK
116000000000000510;0510;CHAQUETAS;CHAQUETA ROMPEVIENTOS MORADA XXL; 157.000 ;0;3;0;0;0;0;0;3;3;0;$ 471.000;;;OK
116000000000000499;0499;CHAQUETAS;CHAQUETA ROMPEVIENTOS TURQUESA XS; 157.000 ;0;5;1;0;0;0;0;6;6;0;$ 942.000;;;OK
116000000000000500;0500;CHAQUETAS;CHAQUETA ROMPEVIENTOS TURQUESA S; 157.000 ;0;5;0;0;0;0;0;5;5;0;$ 785.000;;;OK
116000000000000502;0502;CHAQUETAS;CHAQUETA ROMPEVIENTOS TURQUESA L; 157.000 ;0;9;0;0;0;0;0;9;9;0;$ 1.413.000;;;OK
116000000000000501;0501;CHAQUETAS;CHAQUETA ROMPEVIENTOS TURQUESA M; 157.000 ;0;4;0;0;0;0;0;4;4;0;$ 628.000;;;OK
116000000000000503;0503;CHAQUETAS;CHAQUETA ROMPEVIENTOS TURQUESA XL; 157.000 ;0;14;0;0;0;0;0;14;14;0;$ 2.198.000;;;OK
116000000000000504;0504;CHAQUETAS;CHAQUETA ROMPEVIENTOS TURQUESA XXL; 157.000 ;0;9;0;0;0;0;0;9;8;-1;$ 1.413.000;; 157.000 ;Falta esa und en la CHAQUETA ROMPEVIENTOS AMARILLA M
116000000000000493;0493;CHAQUETAS;CHAQUETA ROMPEVIENTOS VERDE XS; 157.000 ;0;4;1;0;0;0;0;5;5;0;$ 785.000;;;OK
116000000000000494;0494;CHAQUETAS;CHAQUETA ROMPEVIENTOS VERDE S; 157.000 ;0;3;0;0;0;0;0;3;3;0;$ 471.000;;;OK
116000000000000495;0495;CHAQUETAS;CHAQUETA ROMPEVIENTOS VERDE M; 157.000 ;0;3;1;0;0;0;0;4;4;0;$ 628.000;;;OK
116000000000000496;0496;CHAQUETAS;CHAQUETA ROMPEVIENTOS VERDE L; 157.000 ;0;1;0;0;0;0;0;1;1;0;$ 157.000;;;OK
116000000000000497;0497;CHAQUETAS;CHAQUETA ROMPEVIENTOS VERDE XL; 157.000 ;0;4;0;0;0;0;0;4;4;0;$ 628.000;;;OK
116000000000000498;0498;CHAQUETAS;CHAQUETA ROMPEVIENTOS VERDE XXL; 157.000 ;0;3;0;0;0;0;0;3;3;0;$ 471.000;;;OK
116000000000000746;0746;CHAQUETAS;CHAQUETA BEE PUFFER MUJER MORADA XS; 170.000 ;;;;;;;;0;0;0;$ 0;;;OK
116000000000000747;0747;CHAQUETAS;CHAQUETA BEE PUFFER MUJER MORADA S; 170.000 ;;;;;;;;0;0;0;$ 0;;;OK
116000000000000748;0748;CHAQUETAS;CHAQUETA BEE PUFFER MUJER MORADA M; 170.000 ;;;;;;;;0;0;0;$ 0;;;OK
116000000000000749;0749;CHAQUETAS;CHAQUETA BEE PUFFER MUJER MORADA L; 170.000 ;;;;;;;;0;0;0;$ 0;;;OK
116000000000000750;0750;CHAQUETAS;CHAQUETA BEE PUFFER MUJER MORADA XL; 170.000 ;;;;;;;;0;0;0;$ 0;;;OK
116000000000000751;0751;CHAQUETAS;CHAQUETA BEE PUFFER HOMBRE MORADA S; 170.000 ;;;;;;;;0;0;0;$ 0;;;OK
116000000000000752;0752;CHAQUETAS;CHAQUETA BEE PUFFER HOMBRE MORADA M; 170.000 ;;;;;;;;0;0;0;$ 0;;;OK
116000000000000753;0753;CHAQUETAS;CHAQUETA BEE PUFFER HOMBRE MORADA L; 170.000 ;;;;;;;;0;0;0;$ 0;;;OK
116000000000000754;0754;CHAQUETAS;CHAQUETA BEE PUFFER HOMBRE MORADA XL; 170.000 ;;;;;;;;0;0;0;$ 0;;;OK
116000000000000755;0755;CHAQUETAS;CHAQUETA BEE PUFFER HOMBRE MORADA XXL; 170.000 ;;;;;;;;0;0;0;$ 0;;;OK
116000000000000756;0756;CHAQUETAS;CHAQUETA BEE PUFFER MUJER VERDE XS; 170.000 ;;;;;;;;0;0;0;$ 0;;;OK
116000000000000757;0757;CHAQUETAS;CHAQUETA BEE PUFFER MUJER VERDE S; 170.000 ;;;;;;;;0;0;0;$ 0;;;OK
116000000000000758;0758;CHAQUETAS;CHAQUETA BEE PUFFER MUJER VERDE M; 170.000 ;;;;;;;;0;0;0;$ 0;;;OK
116000000000000759;0759;CHAQUETAS;CHAQUETA BEE PUFFER MUJER VERDE L; 170.000 ;;;;;;;;0;0;0;$ 0;;;OK
116000000000000760;0760;CHAQUETAS;CHAQUETA BEE PUFFER MUJER VERDE XL; 170.000 ;;;;;;;;0;0;0;$ 0;;;OK
116000000000000761;0761;CHAQUETAS;CHAQUETA BEE PUFFER HOMBRE VERDE S; 170.000 ;;;;;;;;0;0;0;$ 0;;;OK
116000000000000762;0762;CHAQUETAS;CHAQUETA BEE PUFFER HOMBRE VERDE M; 170.000 ;;;;;;;;0;0;0;$ 0;;;OK
116000000000000763;0763;CHAQUETAS;CHAQUETA BEE PUFFER HOMBRE VERDE L; 170.000 ;;;;;;;;0;0;0;$ 0;;;OK
116000000000000764;0764;CHAQUETAS;CHAQUETA BEE PUFFER HOMBRE VERDE XL; 170.000 ;;;;;;;;0;0;0;$ 0;;;OK
116000000000000765;0765;CHAQUETAS;CHAQUETA BEE PUFFER HOMBRE VERDE XXL; 170.000 ;;;;;;;;0;0;0;$ 0;;;OK
116000000000000766;0766;CHAQUETAS;CHAQUETA BEE PUFFER MUJER AZUL XS; 170.000 ;;;;;;;;0;0;0;$ 0;;;OK
116000000000000767;0767;CHAQUETAS;CHAQUETA BEE PUFFER MUJER AZUL S; 170.000 ;;;;;;;;0;0;0;$ 0;;;OK
116000000000000768;0768;CHAQUETAS;CHAQUETA BEE PUFFER MUJER AZUL M; 170.000 ;;;;;;;;0;0;0;$ 0;;;OK
116000000000000769;0769;CHAQUETAS;CHAQUETA BEE PUFFER MUJER AZUL L; 170.000 ;;;;;;;;0;0;0;$ 0;;;OK
116000000000000770;0770;CHAQUETAS;CHAQUETA BEE PUFFER MUJER AZUL XL; 170.000 ;;;;;;;;0;0;0;$ 0;;;OK
116000000000000771;0771;CHAQUETAS;CHAQUETA BEE PUFFER HOMBRE AZUL S; 170.000 ;;;;;;;;0;0;0;$ 0;;;OK
116000000000000772;0772;CHAQUETAS;CHAQUETA BEE PUFFER HOMBRE AZUL M; 170.000 ;;;;;;;;0;0;0;$ 0;;;OK
116000000000000773;0773;CHAQUETAS;CHAQUETA BEE PUFFER HOMBRE AZUL L; 170.000 ;;;;;;;;0;0;0;$ 0;;;OK
116000000000000774;0774;CHAQUETAS;CHAQUETA BEE PUFFER HOMBRE AZUL XL; 170.000 ;;;;;;;;0;0;0;$ 0;;;OK
116000000000000775;0775;CHAQUETAS;CHAQUETA BEE PUFFER HOMBRE AZUL XXL; 170.000 ;;;;;;;;0;0;0;$ 0;;;OK
116000000000000776;0776;CHAQUETAS;CHAQUETA BEE PUFFER MUJER GRIS XS; 170.000 ;;;;;;;;0;0;0;$ 0;;;OK
116000000000000777;0777;CHAQUETAS;CHAQUETA BEE PUFFER MUJER GRIS S; 170.000 ;;;;;;;;0;0;0;$ 0;;;OK
116000000000000778;0778;CHAQUETAS;CHAQUETA BEE PUFFER MUJER GRIS M; 170.000 ;;;;;;;;0;0;0;$ 0;;;OK
116000000000000779;0779;CHAQUETAS;CHAQUETA BEE PUFFER MUJER GRIS L; 170.000 ;;;;;;;;0;0;0;$ 0;;;OK
116000000000000780;0780;CHAQUETAS;CHAQUETA BEE PUFFER MUJER GRIS XL; 170.000 ;;;;;;;;0;0;0;$ 0;;;OK
116000000000000781;0781;CHAQUETAS;CHAQUETA BEE PUFFER HOMBRE GRIS S; 170.000 ;;;;;;;;0;0;0;$ 0;;;OK
116000000000000782;0782;CHAQUETAS;CHAQUETA BEE PUFFER HOMBRE GRIS M; 170.000 ;;;;;;;;0;0;0;$ 0;;;OK
116000000000000783;0783;CHAQUETAS;CHAQUETA BEE PUFFER HOMBRE GRIS L; 170.000 ;;;;;;;;0;0;0;$ 0;;;OK
116000000000000784;0784;CHAQUETAS;CHAQUETA BEE PUFFER HOMBRE GRIS XL; 170.000 ;;;;;;;;0;0;0;$ 0;;;OK
116000000000000785;0785;CHAQUETAS;CHAQUETA BEE PUFFER HOMBRE GRIS XXL; 170.000 ;;;;;;;;0;0;0;$ 0;;;OK
116000000000000440;0440;HOODIE;HOODIE CERRADO AMARILLO XS; 134.000 ;7;3;4;;;;;14;14;0;$ 1.876.000;;;OK
116000000000000441;0441;HOODIE;HOODIE CERRADO AMARILLO S; 134.000 ;7;4;1;;;;;12;12;0;$ 1.608.000;;;OK
116000000000000442;0442;HOODIE;HOODIE CERRADO AMARILLO M; 134.000 ;3;3;2;;;;;8;8;0;$ 1.072.000;;;OK
116000000000000443;0443;HOODIE;HOODIE CERRADO AMARILLO L; 134.000 ;4;3;2;;;;;9;9;0;$ 1.206.000;;;OK
116000000000000444;0444;HOODIE;HOODIE CERRADO AMARILLO XL; 134.000 ;4;5;2;;;;;11;11;0;$ 1.474.000;;;OK
116000000000000445;0445;HOODIE;HOODIE CERRADO AMARILLO XXL; 134.000 ;8;3;1;;;;;12;12;0;$ 1.608.000;;;OK
116000000000000087;0087;HOODIE;HOODIE CERRADO BLANCO XS; 134.000 ;11;1;2;0;0;0;0;14;14;0;$ 1.876.000;;;OK
116000000000000085;0085;HOODIE;HOODIE CERRADO BLANCO S; 134.000 ;6;2;2;1;;;;11;11;0;$ 1.474.000;;;OK
116000000000000084;0084;HOODIE;HOODIE CERRADO BLANCO M; 134.000 ;4;2;;1;;;;7;7;0;$ 938.000;;;OK
116000000000000083;0083;HOODIE;HOODIE CERRADO BLANCO L; 134.000 ;3;2;1;2;;;;8;8;0;$ 1.072.000;;;OK
116000000000000086;0086;HOODIE;HOODIE CERRADO BLANCO XL; 134.000 ;11;2;1;1;;;;15;15;0;$ 2.010.000;;;OK
116000000000000360;0360;HOODIE;HOODIE CERRADO BLANCO XXL; 134.000 ;17;8;;;;;;25;25;0;$ 3.350.000;;;OK
116000000000000446;0446;HOODIE;HOODIE CERRADO MORADO XS; 134.000 ;7;3;3;;;;;13;13;0;$ 1.742.000;;;OK
116000000000000447;0447;HOODIE;HOODIE CERRADO MORADO S; 134.000 ;6;5;;1;;;;12;12;0;$ 1.608.000;;;OK
116000000000000448;0448;HOODIE;HOODIE CERRADO MORADO M; 134.000 ;9;2;;1;;;;12;12;0;$ 1.608.000;;;OK
116000000000000449;0449;HOODIE;HOODIE CERRADO MORADO L; 134.000 ;4;3;1;;;;;8;8;0;$ 1.072.000;;;OK
116000000000000450;0450;HOODIE;HOODIE CERRADO MORADO XL; 134.000 ;7;5;;1;;;;13;13;0;$ 1.742.000;;;OK
116000000000000451;0451;HOODIE;HOODIE CERRADO MORADO XXL; 134.000 ;8;2;2;;;;;12;12;0;$ 1.608.000;;;OK
116000000000000092;0092;HOODIE;HOODIE CERRADO NEGRO XS; 134.000 ;10;4;2;;;;;16;16;0;$ 2.144.000;;;OK
116000000000000090;0090;HOODIE;HOODIE CERRADO NEGRO S; 134.000 ;9;4;1;1;;;;15;15;0;$ 2.010.000;;;OK
116000000000000089;0089;HOODIE;HOODIE CERRADO NEGRO M; 134.000 ;3;3;;1;;;;7;7;0;$ 938.000;;;OK
116000000000000088;0088;HOODIE;HOODIE CERRADO NEGRO L; 134.000 ;8;3;1;1;;;;13;13;0;$ 1.742.000;;;OK
116000000000000091;0091;HOODIE;HOODIE CERRADO NEGRO XL; 134.000 ;10;3;1;1;;;;15;15;0;$ 2.010.000;;;OK
116000000000000361;0361;HOODIE;HOODIE CERRADO NEGRO XXL; 134.000 ;8;10;;;;;;18;18;0;$ 2.412.000;;;OK
116000000000000362;0362;HOODIE;HOODIE CERRADO TURQUESA XS; 134.000 ;12;2;2;;;;0;16;16;0;$ 2.144.000;;;OK
116000000000000363;0363;HOODIE;HOODIE CERRADO TURQUESA S; 134.000 ;14;2;1;1;;;;18;18;0;$ 2.412.000;;;OK
116000000000000364;0364;HOODIE;HOODIE CERRADO TURQUESA M; 134.000 ;7;2;1;1;;;;11;11;0;$ 1.474.000;;;OK
116000000000000365;0365;HOODIE;HOODIE CERRADO TURQUESA L; 134.000 ;12;2;;;;;;14;14;0;$ 1.876.000;;;OK
116000000000000366;0366;HOODIE;HOODIE CERRADO TURQUESA XL; 134.000 ;11;2;1;1;;;;15;15;0;$ 2.010.000;;;OK
116000000000000367;0367;HOODIE;HOODIE CERRADO TURQUESA XXL; 134.000 ;16;3;;;;;;19;19;0;$ 2.546.000;;;OK
116000000000000017;0017;HOODIE ;BUZO CERRADO VERDE HOMBRE XS; 126.000 ;;;;;;;;0;0;0;$ 0;;;OK
116000000000000015;0015;HOODIE ;BUZO CERRADO VERDE HOMBRE S; 126.000 ;;4;;;;;;4;4;0;$ 504.000;;;OK
116000000000000014;0014;HOODIE ;BUZO CERRADO VERDE HOMBRE M; 126.000 ;;1;;;;;;1;1;0;$ 126.000;;;OK
116000000000000013;0013;HOODIE ;BUZO CERRADO VERDE HOMBRE L; 126.000 ;;1;;;;;;1;1;0;$ 126.000;;;OK
116000000000000016;0016;HOODIE ;BUZO CERRADO VERDE HOMBRE XL; 126.000 ;;;;;;;;0;0;0;$ 0;;;OK
116000000000000385;0385;HOODIE;BUZO CERRADO VERDE HOMBRE XXL; 126.000 ;;3;;;;;;3;3;0;$ 378.000;;;OK
116000000000000022;0022;HOODIE ;BUZO CERRADO VERDE MUJER XS; 126.000 ;;1;;;;;;1;1;0;$ 126.000;;;OK
116000000000000020;0020;HOODIE ;BUZO CERRADO VERDE MUJER S; 126.000 ;;;;;;;;0;0;0;$ 0;;;OK
116000000000000019;0019;HOODIE ;BUZO CERRADO VERDE MUJER M; 126.000 ;;;;;;;;0;0;0;$ 0;;;OK
116000000000000018;0018;HOODIE ;BUZO CERRADO VERDE MUJER L; 126.000 ;;;;;;;;0;0;0;$ 0;;;OK
116000000000000021;0021;HOODIE ;BUZO CERRADO VERDE MUJER XL; 126.000 ;;;;;;;;0;0;0;$ 0;;;OK
116000000000000463;0463;HOODIE;HOODIE CERRADO AMARILLO TALLA 4; 115.900 ;;5;;;;;;5;5;0;$ 579.500;;;OK
116000000000000464;0464;HOODIE;HOODIE CERRADO AMARILLO TALLA 6; 115.900 ;;2;;;;;;2;2;0;$ 231.800;;;OK
116000000000000465;0465;HOODIE;HOODIE CERRADO AMARILLO TALLA 8; 115.900 ;;3;;;;;;3;3;0;$ 347.700;;;OK
116000000000000466;0466;HOODIE;HOODIE CERRADO AMARILLO TALLA 10; 115.900 ;;5;;;;;;5;5;0;$ 579.500;;;OK
116000000000000467;0467;HOODIE;HOODIE CERRADO AMARILLO TALLA 12; 115.900 ;;6;;;;;;6;6;0;$ 695.400;;;OK
116000000000000468;0468;HOODIE;HOODIE CERRADO AMARILLO TALLA 14; 115.900 ;;4;;;;;;4;4;0;$ 463.600;;;OK
116000000000000469;0469;HOODIE;HOODIE CERRADO AMARILLO TALLA 16; 115.900 ;;5;;;;;;5;5;0;$ 579.500;;;OK
116000000000000470;0470;HOODIE;HOODIE CERRADO MORADO TALLA 4; 115.900 ;;5;;;;;;5;5;0;$ 579.500;;;OK
116000000000000471;0471;HOODIE;HOODIE CERRADO MORADO TALLA 6; 115.900 ;;3;;;;;;3;3;0;$ 347.700;;;OK
116000000000000472;0472;HOODIE;HOODIE CERRADO MORADO TALLA 8; 115.900 ;;4;;;;;;4;4;0;$ 463.600;;;OK
116000000000000473;0473;HOODIE;HOODIE CERRADO MORADO TALLA 10; 115.900 ;;1;;;;;;1;1;0;$ 115.900;;;OK
116000000000000474;0474;HOODIE;HOODIE CERRADO MORADO TALLA 12; 115.900 ;;4;;;;;;4;4;0;$ 463.600;;;OK
116000000000000475;0475;HOODIE;HOODIE CERRADO MORADO TALLA 14; 115.900 ;;5;;;;;;5;5;0;$ 579.500;;;OK
116000000000000476;0476;HOODIE;HOODIE CERRADO MORADO TALLA 16; 115.900 ;;5;;;;;;5;5;0;$ 579.500;;;OK
116000000000000027;0027;ZIP;BUZO COMBINADO TURQUESA HOMBRE XS; 120.000 ;0;0;0;0;0;0;0;0;0;0;$ 0;;;OK
116000000000000025;0025;ZIP;BUZO COMBINADO TURQUESA HOMBRE S; 120.000 ;0;1;0;0;0;0;0;1;1;0;$ 120.000;;;OK
116000000000000024;0024;ZIP;BUZO COMBINADO TURQUESA HOMBRE M; 120.000 ;0;0;0;0;0;0;0;0;0;0;$ 0;;;OK
116000000000000023;0023;ZIP;BUZO COMBINADO TURQUESA HOMBRE L; 120.000 ;0;0;0;0;0;0;0;0;0;0;$ 0;;;OK
116000000000000026;0026;ZIP;BUZO COMBINADO TURQUESA HOMBRE XL; 120.000 ;0;0;0;0;0;0;0;0;0;0;$ 0;;;OK
116000000000000032;0032;ZIP;BUZO COMBINADO TURQUESA MUJER XS; 120.000 ;0;0;0;0;0;0;0;0;0;0;$ 0;;;OK
116000000000000030;0030;ZIP;BUZO COMBINADO TURQUESA MUJER S; 120.000 ;0;0;0;0;0;0;0;0;0;0;$ 0;;;OK
116000000000000029;0029;ZIP;BUZO COMBINADO TURQUESA MUJER M; 120.000 ;0;0;0;0;0;0;0;0;0;0;$ 0;;;OK
116000000000000028;0028;ZIP;BUZO COMBINADO TURQUESA MUJER L; 120.000 ;0;0;0;0;0;0;0;0;0;0;$ 0;;;OK
116000000000000031;0031;ZIP;BUZO COMBINADO TURQUESA MUJER XL; 120.000 ;0;0;0;0;0;0;0;0;0;0;$ 0;;;OK
116000000000000037;0037;ZIP;BUZO COMBINADO VERDE HOMBRE XS; 110.200 ;0;0;0;0;0;0;0;0;0;0;$ 0;;;OK
116000000000000035;0035;ZIP;BUZO COMBINADO VERDE HOMBRE S; 110.200 ;0;3;0;0;0;0;0;3;3;0;$ 330.600;;;OK
116000000000000034;0034;ZIP;BUZO COMBINADO VERDE HOMBRE M; 110.200 ;0;0;0;0;0;0;0;0;0;0;$ 0;;;OK
116000000000000033;0033;ZIP;BUZO COMBINADO VERDE HOMBRE L; 110.200 ;0;0;0;0;0;0;0;0;0;0;$ 0;;;OK
116000000000000036;0036;ZIP;BUZO COMBINADO VERDE HOMBRE XL; 110.200 ;0;0;0;0;0;0;0;0;0;0;$ 0;;;OK
116000000000000042;0042;ZIP;BUZO COMBINADO VERDE MUJER XS; 110.200 ;0;0;0;0;0;0;0;0;0;0;$ 0;;;OK
116000000000000040;0040;ZIP;BUZO COMBINADO VERDE MUJER S; 110.200 ;0;0;0;0;0;0;0;0;0;0;$ 0;;;OK
116000000000000039;0039;ZIP;BUZO COMBINADO VERDE MUJER M; 110.200 ;0;1;0;0;0;0;0;1;1;0;$ 110.200;;;OK
116000000000000038;0038;ZIP;BUZO COMBINADO VERDE MUJER L; 110.200 ;0;0;0;0;0;0;0;0;1;1;$ 0;$ 110.200;;No se les pudo dar salida del inventario
116000000000000041;0041;ZIP;BUZO COMBINADO VERDE MUJER XL; 110.200 ;0;0;0;0;0;0;0;0;1;1;$ 0;$ 110.200;;No se les pudo dar salida del inventario
116000000000000102;0102;ZIP;ZIP HOODIE GRIS RATON XS; 139.900 ;0;0;0;0;0;0;0;0;0;0;$ 0;;;OK
116000000000000100;0100;ZIP;ZIP HOODIE GRIS RATON S; 139.900 ;0;6;0;0;0;0;0;6;5;-1;$ 839.400;; 139.900 ;Falta esa und en el ZIP HOODIE NEGRO XL
116000000000000099;0099;ZIP;ZIP HOODIE GRIS RATON M; 139.900 ;0;0;0;0;0;0;0;0;0;0;$ 0;;;OK
116000000000000098;0098;ZIP;ZIP HOODIE GRIS RATON L; 139.900 ;0;0;0;0;0;0;0;0;0;0;$ 0;;;OK
116000000000000101;0101;ZIP;ZIP HOODIE GRIS RATON XL; 139.900 ;0;0;0;0;0;0;0;0;0;0;$ 0;;;OK
116000000000000354;0354;ZIP;ZIP HOODIE GRIS XS; 139.900 ;0;5;1;0;0;0;0;6;5;-1;$ 839.400;; 139.900 ;Falta esa und en el ZIP HOODIE TURQUESA XL
116000000000000355;0355;ZIP;ZIP HOODIE GRIS M; 139.900 ;0;3;0;0;0;0;0;3;3;0;$ 419.700;;;OK
116000000000000356;0356;ZIP;ZIP HOODIE GRIS L; 139.900 ;0;1;0;0;0;0;0;1;0;-1;$ 139.900;; 139.900 ;Falta esa und en el ZIP HOODIE TURQUESA XL
116000000000000357;0357;ZIP;ZIP HOODIE GRIS XL; 139.900 ;0;12;0;0;0;0;0;12;12;0;$ 1.678.800;;;OK
116000000000000358;0358;ZIP;ZIP HOODIE GRIS XXL; 139.900 ;0;8;0;0;0;0;0;8;8;0;$ 1.119.200;;;OK
116000000000000107;0107;ZIP;ZIP HOODIE NEGRO XS; 139.900 ;0;2;1;0;0;0;0;3;3;0;$ 419.700;;;OK
116000000000000105;0105;ZIP;ZIP HOODIE NEGRO S; 139.900 ;0;10;0;0;0;0;0;10;10;0;$ 1.399.000;;;OK
116000000000000104;0104;ZIP;ZIP HOODIE NEGRO M; 139.900 ;0;3;0;0;0;0;0;3;3;0;$ 419.700;;;OK
116000000000000103;0103;ZIP;ZIP HOODIE NEGRO L; 139.900 ;0;4;0;0;0;0;0;4;4;0;$ 559.600;;;OK
116000000000000106;0106;ZIP;ZIP HOODIE NEGRO XL; 139.900 ;0;0;0;0;0;0;0;0;1;1;$ 0;$ 139.900;;Sobra esa und en el ZIP HOODIE GRIS RATON S
116000000000000359;0359;ZIP;ZIP HOODIE NEGRO XXL; 139.900 ;0;9;0;0;0;0;0;9;9;0;$ 1.259.100;;;OK
116000000000000348;0348;ZIP;ZIP HOODIE TURQUEZA XS; 139.900 ;0;3;0;0;0;0;0;3;3;0;$ 419.700;;;OK
116000000000000349;0349;ZIP;ZIP HOODIE TURQUEZA S; 139.900 ;0;7;0;0;0;0;0;7;7;0;$ 979.300;;;OK
116000000000000350;0350;ZIP;ZIP HOODIE TURQUEZA M; 139.900 ;0;0;0;0;0;0;0;0;0;0;$ 0;;;OK
116000000000000351;0351;ZIP;ZIP HOODIE TURQUEZA L; 139.900 ;0;2;0;0;0;0;0;2;2;0;$ 279.800;;;OK
116000000000000352;0352;ZIP;ZIP HOODIE TURQUEZA XL; 139.900 ;0;0;0;0;0;0;0;0;2;2;$ 0;$ 279.800;;Sobran esas und en el ZIP HOODIE GRIS L y ZIP HOODIE GRIS XS
116000000000000353;0353;ZIP;ZIP HOODIE TURQUEZA XXL; 139.900 ;0;3;0;0;0;0;0;3;3;0;$ 419.700;;;OK
116000000000000560;0560;BUSO REDONDE;BUSO CUELLO RED NG ESTAMPADO EAN XS; 119.900 ;0;3;2;0;0;0;0;5;5;0;$ 599.500;;;OK
116000000000000520;0520;BUSO REDONDE;BUSO CUELLO RED NG ESTAMPADO EAN S; 119.900 ;0;2;1;0;0;0;0;3;3;0;$ 359.700;;;OK
116000000000000521;0521;BUSO REDONDE;BUSO CUELLO RED NG ESTAMPADO EAN M; 119.900 ;0;2;0;0;0;0;0;2;2;0;$ 239.800;;;OK
116000000000000522;0522;BUSO REDONDE;BUSO CUELLO RED NG ESTAMPADO EAN L; 119.900 ;0;3;1;0;0;0;0;4;4;0;$ 479.600;;;OK
116000000000000523;0523;BUSO REDONDE;BUSO CUELLO RED NG ESTAMPADO EAN XL; 119.900 ;0;4;0;0;0;0;0;4;4;0;$ 479.600;;;OK
116000000000000524;0524;BUSO REDONDE;BUSO CUELLO RED NG ESTAMPADO EAN XXL; 119.900 ;0;2;0;0;0;0;0;2;2;0;$ 239.800;;;OK
116000000000000561;0561;BUSO REDONDE;BUSO CUELLO RED BLANCOĀ ESTAMPADO EAN XS; 119.900 ;0;2;2;0;0;0;0;4;4;0;$ 479.600;;;OK
116000000000000525;0525;BUSO REDONDE;BUSO CUELLO RED BLANCOĀ ESTAMPADO EAN S; 119.900 ;0;0;0;0;0;0;0;0;0;0;$ 0;;;OK
116000000000000526;0526;BUSO REDONDE;BUSO CUELLO RED BLANCO ESTAMPADO EAN M; 119.900 ;0;0;0;0;0;0;0;0;0;0;$ 0;;;OK
116000000000000527;0527;BUSO REDONDE;BUSO CUELLO RED BLANCO ESTAMPADO EAN L; 119.900 ;0;3;0;0;0;0;0;3;3;0;$ 359.700;;;OK
116000000000000528;0528;BUSO REDONDE;BUSO CUELLO RED BLANCO ESTAMPADO EAN XL; 119.900 ;0;3;1;0;0;0;0;4;4;0;$ 479.600;;;OK
116000000000000529;0529;BUSO REDONDE;BUSO CUELLO RED BLANCO ESTAMPADO EAN XXL; 119.900 ;0;5;0;0;0;0;0;5;5;0;$ 599.500;;;OK
116000000000000562;0562;BUSO REDONDE;BUSO CUELLO REDĀ NEGRO LOGO ABEJITA XS; 119.900 ;0;7;1;0;0;0;0;8;8;0;$ 959.200;;;OK
116000000000000530;0530;BUSO REDONDE;BUSO CUELLO REDĀ NEGRO LOGO ABEJITA S; 119.900 ;0;6;1;0;0;0;0;7;7;0;$ 839.300;;;OK
116000000000000531;0531;BUSO REDONDE;BUSO CUELLO REDĀ NEGRO LOGO ABEJITA M; 119.900 ;0;6;0;0;0;0;0;6;6;0;$ 719.400;;;OK
116000000000000532;0532;BUSO REDONDE;BUSO CUELLO REDĀ NEGRO LOGO ABEJITA L; 119.900 ;0;6;0;0;0;0;1;7;7;0;$ 839.300;;;OK
116000000000000533;0533;BUSO REDONDE;BUSO CUELLO REDĀ NEGRO LOGO ABEJITA XL; 119.900 ;0;4;0;0;0;0;0;4;4;0;$ 479.600;;;OK
116000000000000534;0534;BUSO REDONDE;BUSO CUELLO REDĀ NEGRO LOGO ABEJITA XXL; 119.900 ;0;5;0;0;0;0;0;5;5;0;$ 599.500;;;OK
116000000000000563;0563;BUSO REDONDE;BUSO CUELLO RED ROSADO BORDADO EAN XS; 130.000 ;2;4;1;0;0;0;0;7;7;0;$ 910.000;;;OK
116000000000000564;0564;BUSO REDONDE;BUSO CUELLO RED ROSADO BORDADO EAN S; 130.000 ;0;0;0;1;;0;;1;1;0;$ 130.000;;;OK
116000000000000565;0565;BUSO REDONDE;BUSO CUELLO RED ROSADO BORDADO EAN M; 130.000 ;0;0;;;;;;0;0;0;$ 0;;;OK
116000000000000566;0566;BUSO REDONDE;BUSO CUELLO RED ROSADO BORDADO EAN L; 130.000 ;0;0;1;;;;;1;1;0;$ 130.000;;;OK
116000000000000567;0567;BUSO REDONDE;BUSO CUELLO RED ROSADO BORDADO EAN XL; 130.000 ;4;2;1;;;;;7;7;0;$ 910.000;;;OK
116000000000000568;0568;BUSO REDONDE;BUSO CUELLO RED ROSADO BORDADO EAN XXL; 130.000 ;5;2;3;;;;;10;10;0;$ 1.300.000;;;OK
116000000000000569;0569;BUSO REDONDE;BUSO CUELLO RED AMARILLO BORDADO EAN XS; 130.000 ;3;2;2;;;;;7;7;0;$ 910.000;;;OK
116000000000000570;0570;BUSO REDONDE;BUSO CUELLO RED AMARILLO BORDADO EAN S; 130.000 ;0;1;4;1;;;;6;6;0;$ 780.000;;;OK
116000000000000571;0571;BUSO REDONDE;BUSO CUELLO RED AMARILLO BORDADO EAN M; 130.000 ;1;4;;1;;;;6;6;0;$ 780.000;;;OK
116000000000000572;0572;BUSO REDONDE;BUSO CUELLO RED AMARILLO BORDADO EAN L; 130.000 ;1;2;;1;;;;4;4;0;$ 520.000;;;OK
116000000000000573;0573;BUSO REDONDE;BUSO CUELLO RED AMARILLO BORDADO EAN XL; 130.000 ;4;3;1;;;;;8;8;0;$ 1.040.000;;;OK
116000000000000574;0574;BUSO REDONDE;BUSO CUELLO RED AMARILLO BORDADO EAN XXL; 130.000 ;7;3;;;;;;10;10;0;$ 1.300.000;;;OK
116000000000000575;0575;BUSO REDONDE;BUSO CUELLO RED MORADO BORDADO EAN XS; 130.000 ;3;2;3;;;;;8;8;0;$ 1.040.000;;;OK
116000000000000576;0576;BUSO REDONDE;BUSO CUELLO RED MORADO BORDADO EAN S; 130.000 ;0;2;1;1;;;;4;4;0;$ 520.000;;;OK
116000000000000577;0577;BUSO REDONDE;BUSO CUELLO RED MORADO BORDADO EAN M; 130.000 ;0;0;2;1;;;1;4;4;0;$ 520.000;;;OK
116000000000000578;0578;BUSO REDONDE;BUSO CUELLO RED MORADO BORDADO EAN L; 130.000 ;3;2;1;1;;;;7;7;0;$ 910.000;;;OK
116000000000000579;0579;BUSO REDONDE;BUSO CUELLO RED MORADO BORDADO EAN XL; 130.000 ;4;3;1;;;;;8;8;0;$ 1.040.000;;;OK
116000000000000580;0580;BUSO REDONDE;BUSO CUELLO RED MORADO BORDADO EAN XXL; 130.000 ;4;2;;;;;;6;6;0;$ 780.000;;;OK
116000000000000581;0581;BUSO REDONDE;BUSO CUELLO RED AZUL BORDADO EAN XS; 130.000 ;3;2;1;;;;;6;6;0;$ 780.000;;;OK
116000000000000582;0582;BUSO REDONDE;BUSO CUELLO RED AZUL BORDADO EAN S; 130.000 ;2;3;1;1;;;;7;7;0;$ 910.000;;;OK
116000000000000583;0583;BUSO REDONDE;BUSO CUELLO RED AZUL BORDADO EAN M; 130.000 ;1;2;1;1;;;;5;5;0;$ 650.000;;;OK
116000000000000584;0584;BUSO REDONDE;BUSO CUELLO RED AZUL BORDADO EAN L; 130.000 ;1;3;;1;;;;5;5;0;$ 650.000;;;OK
116000000000000585;0585;BUSO REDONDE;BUSO CUELLO RED AZUL BORDADO EAN XL; 130.000 ;4;2;;;;;;6;6;0;$ 780.000;;;OK
116000000000000586;0586;BUSO REDONDE;BUSO CUELLO RED AZUL BORDADO EAN XXL; 130.000 ;4;3;2;;;;;9;9;0;$ 1.170.000;;;OK
116000000000000587;0587;BUSO REDONDE;BUSO CUELLO RED MENTA BORDADO EAN XS; 130.000 ;3;3;1;;;;;7;7;0;$ 910.000;;;OK
116000000000000588;0588;BUSO REDONDE;BUSO CUELLO RED MENTA BORDADO EAN S; 130.000 ;1;2;1;1;;;;5;5;0;$ 650.000;;;OK
116000000000000589;0589;BUSO REDONDE;BUSO CUELLO RED MENTA BORDADO EAN M; 130.000 ;1;5;;1;;;;7;7;0;$ 910.000;;;OK
116000000000000590;0590;BUSO REDONDE;BUSO CUELLO RED MENTA BORDADO EAN L; 130.000 ;2;2;2;1;;;;7;7;0;$ 910.000;;;OK
116000000000000591;0591;BUSO REDONDE;BUSO CUELLO RED MENTA BORDADO EAN XL; 130.000 ;5;4;;;;;;9;9;0;$ 1.170.000;;;OK
116000000000000592;0592;BUSO REDONDE;BUSO CUELLO RED MENTA BORDADO EAN XXL; 130.000 ;6;3;1;;;;;10;10;0;$ 1.300.000;;;OK
116000000000000391;0391;AGENDAS;AGENDA ABEJA; 45.000 ;34;18;4;0;0;0;0;56;56;0;$ 2.520.000;;;OK
116000000000000235;0235;AGENDAS;AGENDA COLIBRI; 33.900 ;0;11;1;0;0;0;0;12;12;0;$ 406.800;;;OK
116000000000000237;0237;AGENDAS;AGENDA ESPACIO; 33.900 ;0;7;3;0;0;0;0;10;10;0;$ 339.000;;;OK
116000000000000234;0234;AGENDAS;AGENDA MAR; 33.900 ;0;13;1;0;0;0;0;14;14;0;$ 474.600;;;OK
116000000000000233;0233;AGENDAS;AGENDA PERSONALIZADA; 33.900 ;0;24;4;0;0;0;0;28;28;0;$ 949.200;;;OK
116000000000000236;0236;AGENDAS;AGENDA WONDER; 29.900 ;0;0;0;0;0;0;0;0;0;0;$ 0;;;OK
116000000000000732;0239;AGENDAS;AGENDA EAN;;0;0;0;0;0;0;0;0;0;0;$ 0;;;OK
116000000000000743;0743;AGENDAS;AGENDA LEGACY; 37.000 ;0;44;4;0;;0;0;48;48;0;$ 1.776.000;;;OK
116000000000000744;0744;AGENDAS;AGENDA HUMANISE; 37.000 ;0;39;3;0;;0;1;43;43;0;$ 1.591.000;;;OK
116000000000000745;0745;AGENDAS;AGENDA BEE; 37.000 ;0;42;2;0;0;0;0;48;48;0;$ 1.776.000;;;OK
116000000000000109;0109;BOLIGRAFOS ;BOLIGRAFO LONDON GIRATORIO; 28.000 ;0;0;0;0;0;0;0;0;0;0;$ 0;;;OK
116000000000000110;0110;BOLIGRAFOS ;BOLIGRAFO LONDON II; 30.000 ;0;0;0;0;0;0;0;0;0;0;$ 0;;;OK
116000000000000108;0108;BOLIGRAFOS ;BOLIGRAFO MISISIPI; 24.000 ;0;7;0;0;0;0;0;7;7;0;$ 168.000;;;OK
116000000000000546;546;BOLIGRAFOS ;ESTILOGRAFO SAFARI; 149.000 ;0;0;4;0;0;0;0;4;4;0;$ 596.000;;;OK
116000000000000547;547;BOLIGRAFOS ;ROLLERBALL SAFARI; 129.000 ;0;0;1;0;0;0;0;1;1;0;$ 129.000;;;OK
116000000000000548;548;BOLIGRAFOS ;BOLIGRAFO SAFARI; 104.000 ;0;0;6;0;0;0;0;6;6;0;$ 624.000;;;OK
116000000000000549;549;BOLIGRAFOS ;PORTAMINAS SAFARI; 109.000 ;0;0;4;0;0;0;0;4;4;0;$ 436.000;;;OK
116000000000000550;550;BOLIGRAFOS ;BOLIGRAFO LOGO; 71.000 ;0;0;2;0;0;0;0;2;2;0;$ 142.000;;;OK
116000000000000551;551;BOLIGRAFOS ;BOLIGRAFO LOGO PLATA; 79.000 ;0;0;0;0;0;0;0;0;0;0;$ 0;;;OK
116000000000000552;552;BOLIGRAFOS ;BOLIGRAFO LOGO CEPILLADO; 129.000 ;0;0;0;0;;0;0;0;0;0;$ 0;;;OK
116000000000000553;553;BOLIGRAFOS ;PORTAMINAS LOGO PLATA; 79.000 ;0;0;2;0;0;0;0;2;2;0;$ 158.000;;;OK
116000000000000554;554;BOLIGRAFOS ;REPUESTO BOLIGRAFO - M16; 29.000 ;0;8;0;0;0;0;0;8;8;0;$ 232.000;;;OK
116000000000000555;555;BOLIGRAFOS ;REPUESTOS  PLUMAS - M63; 27.000 ;0;9;0;0;0;0;0;9;9;0;$ 243.000;;;OK
116000000000000556;556;BOLIGRAFOS ;REPUESTOS CARTUCHOS; 19.000 ;0;15;4;0;0;0;0;19;19;0;$ 361.000;;;OK
116000000000000386;0386;BOTILITOS;BOTILITO AMARILLO TIENDA EAN; 25.900 ;0;1;8;0;0;;;9;9;0;$ 233.100;;;OK
116000000000000000;0000;BOTILITOS;BOTILITO AZUL 500 ML; 25.900 ;0;0;0;0;0;;;0;0;0;$ 0;;;OK
116000000000000388;0388;BOTILITOS;BOTILITO BIGGY EAN; 50.000 ;0;0;2;0;0;;;2;2;0;$ 100.000;;;OK
116000000000000001;0001;BOTILITOS;BOTILITO BLANCO 750 ML; 35.900 ;;36;16;2;;;;54;54;0;$ 1.938.600;;;OK
116000000000000387;0387;BOTILITOS;BOTILITO MORADO TIENDA EAN; 33.800 ;0;1;9;0;0;;;10;10;0;$ 338.000;;;OK
116000000000000002;0002;BOTILITOS;BOTILITO VERDE 500 ML; 24.900 ;0;0;0;0;0;;;0;0;0;$ 0;;;OK
116000000000000536;0536;BOTILITOS;TERMO NEGRO LOGO EAN; 67.300 ;0;17;1;2;0;;1;21;21;0;$ 1.413.300;;;OK
116000000000000726;1070;BOTILITOS;TERMO GRIS;;0;0;0;0;0;;;0;0;0;$ 0;;;OK
116000000000000727;1604;BOTILITOS;TERMO BLANCO TIPO STANLEY; 89.726 ;0;22;2;2;0;0;1;27;27;0;$ 2.422.602;;;OK
116000000000000728;2138;BOTILITOS;TERMO COLOR PASTEL AMARILLO - ROSADO; 56.000 ;0;13;1;3;0;;1;18;18;0;$ 1.008.000;;;
116000000000000729;2672;BOTILITOS;TERMO COLOR PASTEL VERDE - AZUL; 56.000 ;0;17;1;3;0;;1;22;22;0;$ 1.232.000;;;OK
116000000000000730;3206;BOTILITOS;TERMO COLOR PASTEL MORADO; 56.000 ;0;9;1;3;0;;1;14;14;0;$ 784.000;;;OK
116000000000000339;0339;ECO;CAJA DE BAMBOO X4;                    -   ;0;0;0;0;0;;;0;0;0;;;;OK
116000000000000343;0343;ECO;CARGADOR BAMBOO SQUARE; 86.500 ;0;1;1;0;0;;;2;2;0;$ 173.000;;;OK
116000000000000346;0346;ECO;CLIP BAMBOO; 9.900 ;0;6;11;0;0;;2;19;19;0;$ 188.100;;;OK
116000000000000344;0344;ECO;LAPIZ ECO PEN; 5.000 ;0;26;27;0;0;;0;53;53;0;$ 265.000;;;OK
116000000000000345;0345;ECO;MUG BAMBOO 450ML; 96.900 ;0;27;5;0;0;;;32;32;0;$ 3.100.800;;;OK
116000000000000337;0337;ECO;MUG CON CUCHARA; 20.000 ;0;1;4;0;0;;;5;5;0;$ 100.000;;;OK
116000000000000340;0340;ECO;TORRE DE MADERA; 62.900 ;0;3;2;0;0;;;5;5;0;$ 314.500;;;OK
116000000000000336;0336;ECO;VASO BAMBOO II; 28.000 ;0;0;15;0;0;;0;15;15;0;$ 420.000;;;OK
116000000000000341;0341;ECO;SET DE CUBIERTOS BAMBOO; 45.000 ;0;10;1;0;0;;;11;11;0;$ 495.000;;;OK
116000000000000338;0338;ECO;SET MEMO PAD; 34.900 ;0;0;0;0;0;;;0;0;0;$ 0;;;OK
116000000000000342;0342;ECO;SPIKER BAMBOO ECO; 130.000 ;0;0;2;0;0;;;2;2;0;$ 260.000;;;OK
116000000000000226;0226;GORRAS;GORRA GRIS LETRAS; 33.000 ;0;0;8;0;0;0;0;8;10;2;$ 264.000;;;El proveedor tiene 2 por reparaci¾n
116000000000000225;0225;GORRAS;GORRA GRIS LOGO; 33.000 ;0;0;0;0;0;;;0;0;0;$ 0;;;OK
116000000000000228;0228;GORRAS;GORRA NEGRA LETRAS; 33.000 ;0;0;0;0;0;;;0;0;0;$ 0;;;OK
116000000000000227;0227;GORRAS;GORRA NEGRA LOGO; 33.000 ;0;0;0;0;0;;;0;0;0;$ 0;;;OK
116000000000000535;0535;GORRAS;GORRA BLANCA LOGOĀ; 33.000 ;0;0;10;0;0;;;10;10;0;$ 330.000;;;OK
116000000000000650 ;0650;GORRAS;GORRA RAICES;;0;0;0;0;0;;;0;0;0;$ 0;;;OK
116000000000000742;0742;GORRAS;GORRA VERDE EAN; 30.000 ;0;25;8;0;0;0;0;33;33;0;$ 990.000;;;OK
116000000000000740;0740;GORRAS;GORRA BEE GRIS; 28.000 ;0;0;5;0;0;;;5;5;0;$ 140.000;;;OK
116000000000000741;0741;GORRAS; GORRA BEE NEGRA; 28.000 ;0;8;5;0;0;;1;14;14;0;$ 392.000;;;OK
116000000000000209;0209;MUG;MUG AMARILLO; 16.900 ;0;6;3;0;0;;;9;9;0;$ 152.100;;;OK
116000000000000211;0211;MUG;MUG AZUL; 16.900 ;0;1;1;0;0;0;;2;2;0;$ 33.800;;;OK
116000000000000213;0213;MUG;MUG GRIS; 16.900 ;0;3;3;0;0;;;6;6;0;$ 101.400;;;OK
116000000000000208;0208;MUG;MUG MAGICO NEGRO; 29.000 ;0;12;11;0;0;0;0;23;23;0;$ 667.000;;;OK
116000000000000212;0212;MUG;MUG MORADO; 16.900 ;0;4;2;0;0;0;0;6;6;0;$ 101.400;;;OK
116000000000000210;0210;MUG;MUG VERDE; 16.900 ;0;0;3;0;0;0;;3;3;0;$ 50.700;;;OK
116000000000000461;0461;PARAGUAS;PARAGUAS AMARILLO; 60.000 ;0;68;;0;0;;;68;68;0;$ 4.080.000;;;OK
116000000000000093;0093;PARAGUAS;PARAGUAS DE PUNTOS; 120.000 ;0;0;7;0;0;0;;7;7;0;$ 840.000;;;OK
116000000000000121;0121;PARAGUAS;PARAGUAS EJECUTIVO NEGRO; 55.000 ;0;0;4;0;0;0;;4;4;0;$ 220.000;;;OK
116000000000000122;0122;PARAGUAS;PARAGUAS EJECUTIVO TURQUESA; 55.000 ;0;5;14;0;0;0;;19;19;0;$ 1.045.000;;;OK
116000000000000094;0094;PARAGUAS;PARAGUAS GRIS; 60.000 ;0;0;0;0;0;0;;0;0;0;$ 0;;;OK
116000000000000462;0462;PARAGUAS;PARAGUAS MORADO; 60.000 ;0;6;4;0;0;0;1;11;11;0;$ 660.000;;;OK
116000000000000425;0425;PELUCHE;PELUCHE MELI TIENDA EAN; 48.000 ;0;22;2;0;0;0;1;25;25;0;$ 1.200.000;;;OK
116000000000000593;0593;MELI GRADUADA;MELI GRADUADA; 50.000 ;0;8;3;0;0;0;;11;11;0;$ 550.000;;;OK
116000000000000238;0238;PINES;PINES; 9.900 ;0;29;6;0;0;0;;35;35;0;$ 346.500;;;OK
116000000000000331;0331;PINES;PINES METALICOS IMAN; 19.000 ;281;669;14;0;0;0;0;964;964;0;$ 18.316.000;;;OK
116000000000000335;0335;STIKERS;IMAN 1967; 22.000 ;89;0;1;0;0;0;0;90;90;0;$ 1.980.000;;;OK
116000000000000332;0332;STIKERS;STIKERS 3D; 5.900 ;0;411;7;0;;0;2;420;420;0;$ 2.478.000;;;OK
116000000000000334;0334;STIKERS;STIKERS CARRERAS; 22.000 ;0;237;37;0;;0;0;274;274;0;$ 6.028.000;;;OK
116000000000000333;0333;STIKERS;STIKERS CARRO; 22.000 ;0;137;0;0;;0;0;137;137;0;$ 3.014.000;;;OK
116000000000000485;0485;MALETAS;MALETA AMARILLA COLECCION 2024; 189.900 ;2;0;1;0;0;0;0;3;3;0;$ 569.700;;;OK
116000000000000484;0484;MALETAS;MALETA BLANCA COLECCION 2024; 189.900 ;0;0;1;0;0;0;1;2;2;0;$ 379.800;;;OK
116000000000000481;0481;MALETAS;MALETA GRIS COLECCION 2024; 219.990 ;0;0;0;0;0;0;0;0;0;0;$ 0;;;OK
116000000000000483;0483;MALETAS;MALETA NEGRA COLECCION 2024; 219.990 ;0;0;0;0;0;0;0;0;0;0;$ 0;;;OK
116000000000000482;0482;MALETAS;MALETA ROJA COLECCION 2024; 189.900 ;0;0;1;0;0;0;0;1;1;0;$ 189.900;;;OK
116000000000000480;0480;MALETAS;MALETA TURQUESA COLECCION 2024; 219.990 ;0;0;0;0;0;0;0;0;0;0;$ 0;;;OK
116000000000000486;0486;MALETAS;RIčONERA  COLECCION 2024; 99.990 ;0;0;1;0;0;0;0;1;1;0;$ 99.990;;;OK
116000000000000239;0239;MALETAS;MALETA GRIS COLIBRI; 74.900 ;6;0;1;0;0;0;0;7;7;0;$ 524.300;;;OK
116000000000000241;0241;MALETAS;MALETA GRIS/AZUL; 74.900 ;2;0;0;0;0;0;0;2;2;0;$ 149.800;;;OK
116000000000000243;0243;MALETAS;MALETA I LOVE EAN; 74.900 ;0;0;0;0;0;0;0;0;0;0;$ 0;;;OK
116000000000000240;0240;MALETAS;MALETA NEGRA COLIBRI; 74.900 ;0;0;2;0;0;0;0;2;2;0;$ 149.800;;;OK
116000000000000242;0242;MALETAS;MALETA NEGRA/AZUL; 74.900 ;0;0;0;0;0;0;0;0;1;1;$ 0;;;SACAR DEL INVENTARIO
116000000000000711;0244;GORROS;BEANIES VERDE;;;;;;;;;0;0;0;$ 0;;;OK
116000000000000712;0246;GORROS;BEANIES NEGRO;;;;;;;;;0;0;0;$ 0;;;OK
116000000000000713;0248;GORROS;BEANIES AMARILLO;;;;;;;;;0;0;0;$ 0;;;OK
116000000000000714;0250;GORROS;BUCKET HAT AMARILLO;;;;;;;;;0;0;0;$ 0;;;OK
116000000000000715;0252;GORROS;BUCKET HAT GRIS;;;;;;;;;0;0;0;$ 0;;;OK
116000000000000716;0254;GORROS;BUCKET HAT MORADO;;;;;;;;;0;0;0;$ 0;;;OK
116000000000000717;0256;GORROS;BUCKET HAT NEGRO;;;;;;;;;0;0;0;$ 0;;;OK
116000000000000718;0258;MEDIAS;MEDIAS;;;;;;;;;0;0;0;$ 0;;;OK
116000000000000719;0260;MASCOTAS;PAčOLETA PERRUNA;;;;;;;;;0;0;0;$ 0;;;OK
116000000000000720;0262;MASCOTAS;CAPA PARA LLUVIA PERRUNA PEQUEčA;;;;;;;;;0;0;0;$ 0;;;OK
116000000000000721;0264;MASCOTAS;CARPA PARA LLUVIA PERRINA GRANDE;;;;;;;;;0;0;0;$ 0;;;OK
116000000000000722;0266;ACCESORIOS;TULA DEPORTIVA;;;;;;;;;0;0;0;$ 0;;;OK
116000000000000723;0268;ACCESORIOS;CANGURO;;;;;;;;;0;0;0;$ 0;;;OK
116000000000000724;0270;ACCESORIOS;FORRO PARA LAPTOP PEQUEčO;;;;;;;;;0;0;0;$ 0;;;OK
116000000000000725;0272;ACCESORIOS;FORRO PARA LAPTOP GRANDE;;;;;;;;;0;0;0;$ 0;;;OK
116000000000000731;0273;ACCESORIOS;COBIJAS MELI;;;;;;;;;0;0;0;$ 0;;;OK
Ā116000000000000537;0537;MASCOTAS;CORREA RESORTE; 53.312 ;;;;;;;;0;0;0;$ 0;;;OK
Ā116000000000000538;0538;MASCOTAS; CORREA CORTA ; 103.292 ;;;;;;;;0;0;0;$ 0;;;OK
Ā116000000000000539;0539;MASCOTAS;CORREA MULTIFINCIONAL; 139.230 ;;;;;;;;0;0;0;$ 0;;;OK
Ā116000000000000540;0540;MASCOTAS;CORREA DOBLE; 81.634 ;;;;;;;;0;0;0;$ 0;;;OK
Ā116000000000000541;0541;MASCOTAS;CORREA LUXURY LARGA; 123.760 ;;;;;;;;0;0;0;$ 0;;;OK
Ā116000000000000542;0542;MASCOTAS;CORREA LUXURY CORTA ; 116.179 ;;;;;;;;0;0;0;$ 0;;;OK
Ā116000000000000543;0543;MASCOTAS;BOTAS; 108.290 ;;;;;;;;0;0;0;$ 0;;;OK
Ā116000000000000544;0544;MASCOTAS;CINTURON MULTIFUNCIONAL; 64.974 ;;;;;;;;0;0;0;$ 0;;;OK
Ā116000000000000545;0545;MASCOTAS;CARGADOR PETS; 113.288 ;;;;;;;;0;0;0;$ 0;;;OK
116000000000000610;0610;CONSIGNACION;COLLARES -  20,000; 30.000 ;;;;;;;;0;0;0;$ 0;;;OK
116000000000000611;0611;CONSIGNACION;ARETES MORADOS - 45000; 63.000 ;;;;;;;;0;0;0;$ 0;;;OK
116000000000000620;0620;CONSIGNACION;ARETES CANDONGAS - 28000; 39.200 ;;;;;;;;0;0;0;$ 0;;;OK
116000000000000621;0621;CONSIGNACION;ARETES TRIANGULOS - manillas - Aretes Coraz¾n- candongas negra y blanco 25,000 ; 35.000 ;;;;;;;;0;0;0;$ 0;;;OK
116000000000000622;0622;CONSIGNACION;ARETES REDONDOS AZUL Y NARANJA - 38.000; 44.800 ;;;;;;;;0;0;0;$ 0;;;OK
116000000000000623;0623;CONSIGNACION;BOLSO PEQUEčO JEAN; 77.000 ;;;;;;;;0;0;0;$ 0;;;OK
116000000000000624;0624;CONSIGNACION;BOLSO MEDIANO JEAN; 84.000 ;;;;;;;;0;0;0;$ 0;;;OK
116000000000000625;0625;CONSIGNACION;BOLSO GRANDE JEAN; 159.500 ;;;;;;;;0;0;0;$ 0;;;OK
116000000000000626;0626;CONSIGNACION;CARTUCHERA JEAN;;;;;;;;;0;0;0;$ 0;;;OK
116000000000000627;0627;CONSIGNACION;ARETES CANDONGAS - 32.000; 44.800 ;;;;;;;;0;0;0;$ 0;;;OK
116000000000000628;0628;CONSIGNACION;ARETES TRIANGULOS - 40.000; 56.000 ;;;;;;;;0;0;0;$ 0;;;OK
116000000000000629;0629;CONSIGNACION;ARETES REDONDOS; 67.200 ;;;;;;;;0;0;0;$ 0;;;OK
116000000000000630;0630;CONSIGNACION;MUčECOS BONGO MORONGO PEQUEčOS;24.650;;;;;;;;0;0;0;$ 0;;;OK
116000000000000631;0631;CONSIGNACION;MUčECOS BONGO MORONGO GRANDE;29.000;;;;;;;;0;0;0;$ 0;;;OK
116000000000000632;0632;CONSIGNACION;BOLSOS MEDIANOS;87.000;;;;;;;;0;0;0;$ 0;;;OK
116000000000000633;0633;CONSIGNACION;BOLSO GRANDE;130.500;;;;;;;;0;0;0;$ 0;;;OK
116000000000000634;0634;CONSIGNACION;LAP═CEROS CON FLOR;27.550;;;;;;;;0;0;0;$ 0;;;OK
116000000000000635;0635;CONSIGNACION;TOPITOS DE FLOR - ARETES AMARILLOS;29.000;;;;;;;;0;0;0;$ 0;;;OK
116000000000000636;0636;CONSIGNACION;PRENDEDORES;27.550;;;;;;;;0;0;0;$ 0;;;OK
116000000000000637;0637;CONSIGNACION;CORBATAS;40.600;;;;;;;;0;0;0;$ 0;;;OK
116000000000000638;0638;CONSIGNACION;PINES DE CORAZONES;36.250;;;;;;;;0;0;0;$ 0;;;OK
116000000000000639;0639;CONSIGNACION;COSMETIQUERAS;28.000;;;;;;;;0;0;0;$ 0;;;OK
116000000000000640;0640;CONSIGNACION;BOLSO DE JEAN GRANDE;58.000;;;;;;;;0;1;1;$ 0;;;SACAR DEL INVENTARIO
116000000000000641;0641;CONSIGNACION;BOLSO JEAN  FORMAL;116.000;;;;;;;;0;0;0;$ 0;;;OK
116000000000000642;0642;CONSIGNACION;PORTA GAFAS;40.600;;;;;;;;0;0;0;$ 0;;;OK
116000000000000704;0704;CONSIGNACION;CAF╔ CAJA X 20;25.000;;;;;;;;0;0;0;$ 0;;;OK
116000000000000707;0707;CONSIGNACION;KIT CAJA X 20 MINI MUG;79.000;;;;;;;;0;0;0;$ 0;;;OK
116000000000000708;0708;CONSIGNACION;KIT CAJA X 20 TETERA;120.750;;;;;;;;0;0;0;$ 0;;;OK
116000000000000705;0705;CONSIGNACION;DOYPACK X 20 3 SABORES - TEMPLANZA Y TRISOMIA;58.800;;;;;;;;0;0;0;$ 0;;;OK
116000000000000706;0706;CONSIGNACION;CAJA MADERA X 20 - ALBOROZO;66.900;;;;;;;;0;0;0;$ 0;;;OK
116000000000000710;0709;CONSIGNACION;BODY;50.800;;;;;;;;0;0;0;$ 0;;;OK
113000000000000000;00000;LIBRO;CULTURA ORGANIZACIONAL EN EL AMBITO DE LOS PROYECTOS; 59.900 ;;;;;;;;0;0;0;$ 0;;;OK
113000000000000002;00002;LIBRO;APRENDER A APRENDER. ESTRATEGIAS PARA PROMOVER PROCESO DE APRENDIZAJES AUTėNOMO; 58.000 ;;;;;;;;0;0;0;$ 0;;;OK
113000000000000003;00003;LIBRO;LA GESTIėN DE PROYECTOS SOSTENIBLES COMO HERRAMIENTA PARA EL FORTALECIMIENTO DE LA COMPETITIVIDAD; 66.500 ;;;;;;;;0;0;0;$ 0;;;OK
113000000000000006;00006;LIBRO;BUENAS PRACTICAS DOCENTES Y ESTRATEGICAS PEDAGOGICAS PARA EL DESARROLLO DE COMPETENCIA EMPRENDEDORAS; 48.000 ;;;;;;;;0;0;0;$ 0;;;OK
113000000000000007;00007;LIBRO;EL FUTURO DE LA INTEGRACIėN DE LA COMUNIDAD ANDINA, MERCOSUR Y LA ALIANZA PARA EL PAC═FICO ; 55.000 ;;;;;;;;0;0;0;$ 0;;;OK
113000000000000008;00008;LIBRO;EL TALENTO HUMANO COMO FACTOR CLAVE EN EL ╔XITO DE LOS PROYECTOS; 54.000 ;;;;;;;;0;0;0;$ 0;;;OK
113000000000000010;00010;LIBRO;LO QUE PIENSAN LOS ESTUDIANTES VIRTUALES EN COLOMBIA SOBRE EL BIENESTAR UNIVERSITARIO; 43.700 ;;;;;;;;0;0;0;$ 0;;;OK
113000000000000011;00011;LIBRO;MODELOS, METODOLOGIAS Y SISTEMAS DE GESTIėN DE PROYECTOS; 54.000 ;;;;;;;;0;0;0;$ 0;;;OK
113000000000000013;00013;LIBRO;TėPICOS GERENCIALES PARA LA GESTIėN DE EMPRESAS: UNA MIRADA DESDE LA INVESTIGACIėN; 53.000 ;;;;;;;;0;0;0;$ 0;;;OK
113000000000000145;00145;LIBRO;LOS FESTIVALES EN LA PANDEMIA; 68.000 ;;;;;;;;0;0;0;$ 0;;;OK
113000000000000146;00146;LIBRO;DE LA PALABRA AL LENGUAJE ESPECIALIZADO: TRADUCCIėN Y TERMINOLOG═A; 58.000 ;;;;;;;;0;0;0;$ 0;;;OK
113000000000000147;00147;LIBRO;DI┴LOGOS ENTRE LA ECONOM═A, LA CULTURA Y EL TERRITORIO; 63.000 ;;;;;;;;0;0;0;$ 0;;;OK
113000000000000148;00148;LIBRO;ENSEčANZA, LENGUA Y CULTURA EN ELE; 32.000 ;;;;;;;;0;0;0;$ 0;;;OK
113000000000000149;00149;LIBRO;PROJECT MANAGEMENT AND DIRECTION ORGANIZATIONAL ABSORPTIVE CAPACITY - THE PM4AC MODEL; 66.000 ;;;;;;;;0;0;0;$ 0;;;OK
113000000000000015;00015;LIBRO;CONSTRUCCIėN DEL DISCURSO- HACIA LA FORMACIėN DE UN PROFESIONAL COMPETENTE EN EL USO DEL LENGUAJE; 57.000 ;;;;;;;;0;0;0;$ 0;;;OK
113000000000000150;00150;LIBRO;EAN LEGACY. LA CONSTRUCCIėN DE LA INNOVACIėN; 72.000 ;;;;;;;;0;0;0;$ 0;;;OK
113000000000000160;00160;LIBRO;MENOS ES M┴S; 69.000 ;;;;;;;;0;0;0;$ 0;;;OK
113000000000000161;00161;LIBRO;MICROPL┴STICOS; 63.900 ;;;;;;;;0;0;0;$ 0;;;OK
113000000000000162;00162;LIBRO;LA REVOLUCIėN DE LAS SUFRAGISTAS; 81.000 ;;;;;;;;0;0;0;$ 0;;;OK
113000000000000163;00163;LIBRO;GESTIėN DE PROYECTOS Y ORGANIZACIONES. UNA MIRADA DESDE LAS TENDENCIAS MODERNAS DE GESTIėN; 96.584 ;;;;;;;;0;0;0;$ 0;;;OK
113000000000000164;00164;LIBRO;CERROS ORIENTALES; 161.250 ;;;;;;;;0;0;0;$ 0;;;OK
113000000000000165;00165;LIBRO;DIRECCIėN Y GESTIėN DE PROYECTOS. PERSPECTIVA ╔TICA; 77.000 ;;;;;;;;0;0;0;$ 0;;;OK
113000000000000166;00166;LIBRO;MOVIID; 25.000 ;;;;;;;;0;0;0;$ 0;;;OK
113000000000000019;00019;LIBRO;EMPRESARIOS, TECNOLOG═A Y GESTIėN EN TRES F┴BRICAS BOGOTANAS 1880-1920; 42.750 ;;;;;;;;0;0;0;$ 0;;;OK
113000000000000020;00020;LIBRO;ENTORNO GLOBAL, ╔TICA Y SOCIEDAD; -   ;;;;;;;;0;0;0;$ 0;;;OK
113000000000000021;00021;LIBRO;LA GERENCIA DE PROYECTOS COMO IMPULSOR DE LA ESTRATEGIA ORGANIZACIONAL; 65.000 ;;;;;;;;0;0;0;$ 0;;;OK
113000000000000022;00022;LIBRO;REFERENTES PARA UNA MIRADA ACTUALIZADA DEL BIENESTAR UNIVERSITARIO; 42.000 ;;;;;;;;0;0;0;$ 0;;;OK
113000000000000180;00180;LIBRO;SBN 9789587567205 SOSTENIBILIDAD PARA E; 73.200 ;;;;;;;;0;0;0;$ 0;;;OK
113000000000000054;00054;LIBRO;MANUAL PARA EL MANEJO DE ARTISTAS MUSICALES; 25.000 ;;;;;;;;0;0;0;$ 0;;;OK
113000000000000012;00012;LIBRO;SEGURIDAD Y POL═TICAS ANTIDROGAS Y LUCHA ENTRE CARTELES; 28.000 ;;;;;;;;0;0;0;$ 0;;;OK
113000000000000069;00069;LIBRO;MODELOS DE MODERNIZACION PARA LA GESTION DE ORGANIZACIONES; 132.000 ;;;;;;;;0;0;0;$ 0;;;OK
113000000000000026;00026;LIBRO;EL ARTE PARA APRENDER A ARGUMENTAR; 20.000 ;;;;;;;;0;0;0;$ 0;;;OK
113000000000000190;00190;LIBRO;QUE HAY DETRAS DE LAS EMOCIONES ; 85.000 ;;;;;;;;0;0;0;$ 0;;;OK
113000000000000016;00016;LIBRO;CONTAMINACIėN Y REMEDIACIėN DE SUELOS EN COLOMBIA; 35.000 ;;;;;;;;0;0;0;$ 0;;;OK
113000000000000009;00009;LIBRO;INNOVACIėN Y EMPRENDIMIENTO EN EDUCACIėN SUPERIOR; 38.000 ;;;;;;;;0;0;0;$ 0;;;OK
116000000000000389;00389;BOLSA;BOLSAS KRAF GRANDE TIENDA EAN; 500 ;;;;;;;1286;1286;1286;0;;;;OK
116000000000000390;00390;BOLSA;BOLSAS KRAF PEQUEčA TIENDA EAN; 500 ;;;;;;;1263;1263;1263;0;;;;OK
116000000000000600;00600;BOLSA;BOLSA TELA TIENDA EAN; 10.000 ;;;;;;;385;385;385;0;;;;OK
;;;;;;;;;;;;;;;$ 256.830.892;$ 2.325.800;$ 818.500;$ 1.507.300
;;;;;;;;;;;;;;;;$ 1.104.900; 157.000 ;
;;;;;;;;;;;;;;;;;;
;;;;;;;;;;;;;;;;;;
;;;;;;;;;;;;;;;;;;
;;;;;;;;;;;;;;;;;;
;;;;;;;;;;;;;;;;;;
;;;;;;;;;;;;;;;;;;
