MATERIAL;NOMBRE PRODUCTO;INVENTARIO FISICO;INVENTARIO SAP;DIFERENCIA
116000000000000229;BATAS DE LABORATORIO S;18;18;0
116000000000000230;BATAS DE LABORATORIO M;7;7;0
116000000000000231;BATAS DE LABORATORIO L;20;20;0
116000000000000232;BATAS DE LABORATORIO XL;22;22;0
116000000000000172;CAMISETA BAS BLANCA BORDE NEGRO HOMBRE S;0;0;0
116000000000000173;CAMISETA BAS BLANCA BORDE NEGRO HOMBRE M;0;0;0
116000000000000174;CAMISETA BAS BLANCA BORDE NEGRO HOMBRE L;0;0;0
116000000000000175;CAMISETA BAS BLANCA BORDE NEGRO HOMBRE XL;0;0;0
116000000000000180;CAMISETA BAS BLANCA BORDE NEGRO MUJER XS;1;1;0
116000000000000181;CAMISETA BAS BLANCA BORDE NEGRO MUJER S;1;1;0
116000000000000182;CAMISETA BAS BLANCA BORDE NEGRO MUJER M;0;0;0
116000000000000183;CAMISETA BAS BLANCA BORDE NEGRO MUJER L;0;0;0
116000000000000184;CAMISETA BAS BLANCA BORDE NEGRO MUJER XL;0;0;0
116000000000000176;CAMISETA BASICA NEGRA LOGO HOMBRE S;5;5;0
116000000000000177;CAMISETA BASICA NEGRA LOGO HOMBRE M;1;1;0
116000000000000178;CAMISETA BASICA NEGRA LOGO HOMBRE L;10;10;0
116000000000000179;CAMISETA BASICA NEGRA LOGO HOMBRE XL;7;7;0
116000000000000185;CAMISETA BASICA NEGRA LOGO MUJER XS;7;7;0
116000000000000186;CAMISETA BASICA NEGRA LOGO MUJER S;6;6;0
116000000000000187;CAMISETA BASICA NEGRA LOGO MUJER M;7;7;0
116000000000000188;CAMISETA BASICA NEGRA LOGO MUJER L;7;7;0
116000000000000189;CAMISETA BASICA NEGRA LOGO MUJER XL;8;8;0
116000000000000067;CAMISETA BLANCA EAN HOMBRE XS;0;0;0
116000000000000065;CAMISETA BLANCA EAN HOMBRE S;3;3;0
116000000000000064;CAMISETA BLANCA EAN HOMBRE M;8;8;0
116000000000000063;CAMISETA BLANCA EAN HOMBRE L;9;9;0
116000000000000066;CAMISETA BLANCA EAN HOMBRE XL;4;4;0
116000000000000072;CAMISETA BLANCA EAN MUJER XS;0;0;0
116000000000000070;CAMISETA BLANCA EAN MUJER S;6;6;0
116000000000000069;CAMISETA BLANCA EAN MUJER M;9;9;0
116000000000000068;CAMISETA BLANCA EAN MUJER L;4;4;0
116000000000000071;CAMISETA BLANCA EAN MUJER XL;6;6;0
116000000000000404;CAMISETA BLANCA MELI XS;0;1;1
116000000000000430;CAMISETA BLANCA MELI S;0;3;3
116000000000000431;CAMISETA BLANCA MELI M;5;5;0
116000000000000432;CAMISETA BLANCA MELI L;4;4;0
116000000000000433;CAMISETA BLANCA MELI XL;7;7;0
116000000000000434;CAMISETA NEGRA MELI XS;0;1;1
116000000000000435;CAMISETA NEGRA MELI S;0;0;0
116000000000000436;CAMISETA NEGRA MELI M;0;0;0
116000000000000437;CAMISETA NEGRA MELI L;3;3;0
116000000000000438;CAMISETA NEGRA MELI XL;6;6;0
116000000000000405;CAMISETA INFANTIL 4-6;3;3;0
116000000000000406;CAMISETA INFANTIL 6-8;5;5;0
116000000000000407;CAMISETA INFANTIL 8-10;7;7;0
116000000000000408;CAMISETA INFANTIL 10-12;4;4;0
116000000000000409;CAMISETA INFANTIL 12-14;6;6;0
116000000000000410;CAMISETA INFANTIL 14-16;38;38;0
116000000000000047;CAMISETA DEPORTIVA FLORES HOMBRE XS;0;0;0
116000000000000045;CAMISETA DEPORTIVA FLORES HOMBRE S;0;0;0
116000000000000044;CAMISETA DEPORTIVA FLORES HOMBRE M;0;0;0
116000000000000043;CAMISETA DEPORTIVA FLORES HOMBRE L;0;0;0
116000000000000046;CAMISETA DEPORTIVA FLORES HOMBRE XL;0;0;0
116000000000000052;CAMISETA DEPORTIVA FLORES MUJER XS;0;0;0
116000000000000050;CAMISETA DEPORTIVA FLORES MUJER S;0;0;0
116000000000000049;CAMISETA DEPORTIVA FLORES MUJER M;0;0;0
116000000000000048;CAMISETA DEPORTIVA FLORES MUJER L;0;0;0
116000000000000051;CAMISETA DEPORTIVA FLORES MUJER XL;0;0;0
116000000000000247;CAMISETA DEPORTIVA ROSA HOMBRE S;0;0;0
116000000000000246;CAMISETA DEPORTIVA ROSA HOMBRE M;0;1;1
116000000000000245;CAMISETA DEPORTIVA ROSA HOMBRE L;0;0;0
116000000000000244;CAMISETA DEPORTIVA ROSA HOMBRE XL;0;0;0
116000000000000252;CAMISETA DEPORTIVA ROSA MUJER XS;0;0;0
116000000000000251;CAMISETA DEPORTIVA ROSA MUJER S;0;0;0
116000000000000250;CAMISETA DEPORTIVA ROSA MUJER M;0;0;0
116000000000000249;CAMISETA DEPORTIVA ROSA MUJER L;0;0;0
116000000000000248;CAMISETA DEPORTIVA ROSA MUJER XL;0;0;0
116000000000000057;CAMISETA DEPORTIVA VERDE HOMBRE XS;0;0;0
116000000000000055;CAMISETA DEPORTIVA VERDE HOMBRE S;0;0;0
116000000000000054;CAMISETA DEPORTIVA VERDE HOMBRE M;0;0;0
116000000000000053;CAMISETA DEPORTIVA  VERDE HOMBRE L;0;0;0
116000000000000056;CAMISETA DEPORTIVA VERDE HOMBRE XL;0;0;0
116000000000000062;CAMISETA DEPORTIVA VERDE MUJER XS;0;0;0
116000000000000060;CAMISETA DEPORTIVA VERDE MUJER S;0;0;0
116000000000000059;CAMISETA DEPORTIVA VERDE MUJER M;0;0;0
116000000000000058;CAMISETA DEPORTIVA VERDE MUJER L;0;0;0
116000000000000061;CAMISETA DEPORTIVA VERDE MUJER XL;0;0;0
116000000000000256;CAMISETA I LOVE BLANCA HOMBRE S;0;0;0
116000000000000255;CAMISETA I LOVE BLANCA HOMBRE M;0;0;0
116000000000000254;CAMISETA I LOVE BLANCA HOMBRE L;0;0;0
116000000000000253;CAMISETA I LOVE BLANCA HOMBRE XL;0;0;0
116000000000000261;CAMISETA I LOVE BLANCA MUJER XS;0;0;0
116000000000000260;CAMISETA I LOVE BLANCA MUJER S;7;7;0
116000000000000259;CAMISETA I LOVE BLANCA MUJER M;8;7;-1
116000000000000258;CAMISETA I LOVE BLANCA MUJER L;5;5;0
116000000000000257;CAMISETA I LOVE BLANCA MUJER XL;4;4;0
116000000000000265;CAMISETA I LOVE NEGRA HOMBRE S;1;1;0
116000000000000264;CAMISETA I LOVE NEGRA HOMBRE M;0;0;0
116000000000000263;CAMISETA I LOVE NEGRA HOMBRE L;0;0;0
116000000000000262;CAMISETA I LOVE NEGRA HOMBRE XL;0;0;0
116000000000000270;CAMISETA I LOVE NEGRA MUJER XS;0;0;0
116000000000000269;CAMISETA I LOVE NEGRA MUJER S;7;7;0
116000000000000268;CAMISETA I LOVE NEGRA MUJER M;6;6;0
116000000000000267;CAMISETA I LOVE NEGRA MUJER L;4;4;0
116000000000000266;CAMISETA I LOVE NEGRA MUJER XL;6;5;-1
116000000000000077;CAMISETA LOGO NEGRA HOMBRE XS;0;0;0
116000000000000075;CAMISETA LOGO NEGRA HOMBRE S;0;0;0
116000000000000074;CAMISETA LOGO NEGRA HOMBRE M;0;0;0
116000000000000073;CAMISETA LOGO NEGRA HOMBRE L;0;0;0
116000000000000076;CAMISETA LOGO NEGRA HOMBRE XL;0;0;0
116000000000000082;CAMISETA LOGO NEGRA MUJER XS;0;0;0
116000000000000080;CAMISETA LOGO NEGRA MUJER S;1;1;0
116000000000000079;CAMISETA LOGO NEGRA MUJER M;0;0;0
116000000000000078;CAMISETA LOGO NEGRA MUJER L;0;0;0
116000000000000081;CAMISETA LOGO NEGRA MUJER XL;0;0;0
116000000000000452;CAMISETA NEGRA EAN HOMBRE S;3;3;0
116000000000000453;CAMISETA NEGRA EAN HOMBRE M;0;0;0
116000000000000454;CAMISETA NEGRA EAN HOMBRE L;5;5;0
116000000000000455;CAMISETA NEGRA EAN HOMBRE XL;4;4;0
116000000000000456;CAMISETA NEGRA EAN MUJER XS;0;0;0
116000000000000457;CAMISETA NEGRA EAN MUJER S;0;1;1
116000000000000458;CAMISETA NEGRA EAN MUJER M;0;1;1
116000000000000459;CAMISETA NEGRA EAN MUJER L;5;5;0
116000000000000460;CAMISETA NEGRA EAN MUJER XL;5;5;0
116000000000000283;CAMISETA POLO GRIS HOMBRE S;0;0;0
116000000000000282;CAMISETA POLO GRIS HOMBRE M;0;0;0
116000000000000281;CAMISETA POLO GRIS HOMBRE L;0;0;0
116000000000000280;CAMISETA POLO GRIS HOMBRE XL;0;0;0
116000000000000288;CAMISETA POLO GRIS MUJER XS;1;1;0
116000000000000287;CAMISETA POLO GRIS MUJER S;0;1;1
116000000000000286;CAMISETA POLO GRIS MUJER M;0;0;0
116000000000000285;CAMISETA POLO GRIS MUJER L;0;0;0
116000000000000284;CAMISETA POLO GRIS MUJER XL;0;0;0
116000000000000274;CAMISETA POLO NEGRA HOMBRE S;0;0;0
116000000000000273;CAMISETA POLO NEGRA HOMBRE M;0;0;0
116000000000000272;CAMISETA POLO NEGRA HOMBRE L;0;0;0
116000000000000271;CAMISETA POLO NEGRA HOMBRE XL;0;1;1
116000000000000279;CAMISETA POLO NEGRA MUJER XS;0;0;0
116000000000000278;CAMISETA POLO NEGRA MUJER S;0;0;0
116000000000000277;CAMISETA POLO NEGRA MUJER M;0;0;0
116000000000000276;CAMISETA POLO NEGRA MUJER L;0;0;0
116000000000000275;CAMISETA POLO NEGRA MUJER XL;0;0;0
116000000000000116;CAMISETA SUBLIMADA VERDE HOMBRE XS;0;0;0
116000000000000117;CAMISETA SUBLIMADA VERDE HOMBRE S;0;0;0
116000000000000118;CAMISETA SUBLIMADA VERDE HOMBRE M;0;0;0
116000000000000119;CAMISETA SUBLIMADA VERDE HOMBRE L;0;0;0
116000000000000120;CAMISETA SUBLIMADA VERDE HOMBRE XL;0;0;0
116000000000000111;CAMISETA SUBLIMADA VERDE MUJER XS;0;3;3
116000000000000112;CAMISETA SUBLIMADA MUJER VERDE S;0;0;0
116000000000000113;CAMISETA SUBLIMADA VERDE MUJER M;0;0;0
116000000000000114;CAMISETA SUBLIMADA VERDE MUJER L;0;0;0
116000000000000115;CAMISETA SUBLIMADA VERDE MUJER XL;0;0;0
116000000000000139;CAMISETA TRES CUARTOS AMARILLA HOMBRE S;3;3;0
116000000000000140;CAMISETA TRES CUARTOS AMARILLA HOMBRE M;10;10;0
116000000000000141;CAMISETA TRES CUARTOS AMARILLA HOMBRE L;7;7;0
116000000000000142;CAMISETA TRES CUARTOS AMARILLA HOMBRE XL;5;5;0
116000000000000127;CAMISETA TRES CUARTOS GRIS HOMBRE S;0;0;0
116000000000000128;CAMISETA TRES CUARTOS GRIS HOMBRE M;4;4;0
116000000000000129;CAMISETA TRES CUARTOS GRIS HOMBRE L;5;5;0
116000000000000130;CAMISETA TRES CUARTOS GRIS HOMBRE XL;1;1;0
116000000000000143;CAMISETA TRES CUARTOS MORADO HOMBRE S;7;7;0
116000000000000144;CAMISETA TRES CUARTOS MORADO HOMBRE M;8;8;0
116000000000000145;CAMISETA TRES CUARTOS MORADO HOMBRE L;3;3;0
116000000000000146;CAMISETA TRES CUARTOS MORADO HOMBRE XL;0;0;0
116000000000000131;CAMISETA TRES CUARTOS TURQUESA HOMBRE S;0;0;0
116000000000000132;CAMISETA TRES CUARTOS TURQUESA HOMBRE M;3;3;0
116000000000000133;CAMISETA TRES CUARTOS TURQUESA HOMBRE L;8;8;0
116000000000000134;CAMISETA TRES CUARTOS TURQUESA HOMBRE XL;3;3;0
116000000000000135;CAMISETA TRES CUARTOS VERDE HOMBRE S;0;0;0
116000000000000136;CAMISETA TRES CUARTOS VERDE HOMBRE M;0;0;0
116000000000000137;CAMISETA TRES CUARTOS VERDE HOMBRE L;8;8;0
116000000000000138;CAMISETA TRES CUARTOS VERDE HOMBRE XL;4;4;0
116000000000000167;CAMISETA TRES CUARTOS AMARILLA MUJER XS;6;6;0
116000000000000168;CAMISETA TRES CUARTOS AMARILLA MUJER S;2;2;0
116000000000000169;CAMISETA TRES CUARTOS AMARILLA MUJER M;0;0;0
116000000000000170;CAMISETA TRES CUARTOS AMARILLA MUJER L;5;5;0
116000000000000171;CAMISETA TRES CUARTOS AMARILLA MUJER XL;2;2;0
116000000000000147;CAMISETA TRES CUARTOS GRIS MUJER XS;5;5;0
116000000000000148;CAMISETA TRES CUARTOS GRIS MUJER S;2;2;0
116000000000000149;CAMISETA TRES CUARTOS GRIS MUJER M;3;3;0
116000000000000150;CAMISETA TRES CUARTOS GRIS MUJER L;4;4;0
116000000000000151;CAMISETA TRES CUARTOS GRIS MUJER XL;0;0;0
116000000000000162;CAMISETA TRES CUARTOS MORADO MUJER XS;1;1;0
116000000000000163;CAMISETA TRES CUARTOS MORADO MUJER S;0;0;0
116000000000000164;CAMISETA TRES CUARTOS MORADO MUJER M;2;2;0
116000000000000165;CAMISETA TRES CUARTOS MORADO MUJER L;4;4;0
116000000000000166;CAMISETA TRES CUARTOS MORADO MUJER XL;2;2;0
116000000000000152;CAMISETA TRES CUARTOS TURQUESA MUJER XS;0;1;1
116000000000000153;CAMISETA TRES CUARTOS TURQUESA MUJER S;5;5;0
116000000000000154;CAMISETA TRES CUARTOS TURQUESA MUJER M;0;0;0
116000000000000155;CAMISETA TRES CUARTOS TURQUESA MUJER L;2;1;-1
116000000000000156;CAMISETA TRES CUARTOS TURQUESA MUJER XL;3;2;-1
116000000000000157;CAMISETA TRES CUARTOS VERDE MUJER XS;0;0;0
116000000000000158;CAMISETA TRES CUARTOS VERDE MUJER S;1;1;0
116000000000000159;CAMISETA TRES CUARTOS VERDE MUJER M;0;0;0
116000000000000160;CAMISETA TRES CUARTOS VERDE MUJER L;4;4;0
116000000000000161;CAMISETA TRES CUARTOS VERDE MUJER XL;2;2;0
116000000000000293;CHAQUETA BOMPER GRIS / BLANCA HOMBRE XS;0;0;0
116000000000000292;CHAQUETA BOMPER GRIS / BLANCA HOMBRE S;0;0;0
116000000000000291;CHAQUETA BOMPER GRIS / BLANCA HOMBRE M;0;0;0
116000000000000290;CHAQUETA BOMPER GRIS / BLANCA HOMBRE L;0;0;0
116000000000000289;CHAQUETA BOMPER GRIS / BLANCA HOMBRE XL;0;0;0
116000000000000298;CHAQUETA BOMPER GRIS / BLANCA MUJER XS;0;0;0
116000000000000297;CHAQUETA BOMPER GRIS / BLANCA MUJER S;0;0;0
116000000000000296;CHAQUETA BOMPER GRIS / BLANCA MUJER M;0;0;0
116000000000000295;CHAQUETA BOMPER GRIS / BLANCA MUJER L;0;1;1
116000000000000294;CHAQUETA BOMPER GRIS / BLANCA MUJER XL;0;0;0
116000000000000303;CHAQUETA BOMPER GRIS / NEGRA HOMBRE XS;0;0;0
116000000000000302;CHAQUETA BOMPER GRIS / NEGRA HOMBRE S;2;2;0
116000000000000301;CHAQUETA BOMPER GRIS / NEGRA HOMBRE M;0;0;0
116000000000000300;CHAQUETA BOMPER GRIS / NEGRA HOMBRE L;0;0;0
116000000000000299;CHAQUETA BOMPER GRIS / NEGRA HOMBRE XL;0;0;0
116000000000000308;CHAQUETA BOMPER GRIS / NEGRA MUJER XS;0;0;0
116000000000000307;CHAQUETA BOMPER GRIS / NEGRA MUJER S;1;1;0
116000000000000306;CHAQUETA BOMPER GRIS / NEGRA MUJER M;2;2;0
116000000000000305;CHAQUETA BOMPER GRIS / NEGRA MUJER L;3;3;0
116000000000000304;CHAQUETA BOMPER GRIS / NEGRA MUJER XL;1;1;0
116000000000000376;CHAQUETA BOMPER NEGRA COLIBRI HOMBRE S;3;3;0
116000000000000377;CHAQUETA BOMPER NEGRA COLIBRI HOMBRE M;0;0;0
116000000000000378;CHAQUETA BOMPER NEGRA COLIBRI HOMBRE L;0;0;0
116000000000000379;CHAQUETA BOMPER NEGRA COLIBRI HOMBRE XL;3;3;0
116000000000000380;CHAQUETA BOMPER NEGRA COLIBRI HOMBRE XXL;0;0;0
116000000000000370;CHAQUETA BOMPER NEGRA COLIBRI MUJER XS;0;0;0
116000000000000371;CHAQUETA BOMPER NEGRA COLIBRI MUJER S;0;0;0
116000000000000372;CHAQUETA BOMPER NEGRA COLIBRI MUJER M;2;2;0
116000000000000373;CHAQUETA BOMPER NEGRA COLIBRI MUJER L;1;1;0
116000000000000374;CHAQUETA BOMPER NEGRA COLIBRI MUJER XL;1;1;0
116000000000000375;CHAQUETA BOMPER NEGRA COLIBRI MUJER XXL;0;1;1
116000000000000194;CHAQUETA BOMPER 1967  NEGRA HOMBRE S;5;5;0
116000000000000195;CHAQUETA BOMPER 1967  NEGRA HOMBRE M;5;5;0
116000000000000196;CHAQUETA BOMPER 1967  NEGRA HOMBRE L;6;6;0
116000000000000197;CHAQUETA BOMPER 1967  NEGRA HOMBRE XL;5;5;0
116000000000000384;CHAQUETA BOMPER 1967 NEGRA HOMBRE XXL;8;8;0
116000000000000190;CHAQUETA BOMPER 1967 GRIS HOMBRE S;6;6;0
116000000000000191;CHAQUETA BOMPER 1967 GRIS HOMBRE M;7;7;0
116000000000000192;CHAQUETA BOMPER 1967 GRIS HOMBRE L;5;5;0
116000000000000193;CHAQUETA BOMPER 1967 GRIS HOMBRE XL;6;6;0
116000000000000198;CHAQUETA BOMPER 1967 GRIS MUJER XS;5;5;0
116000000000000199;CHAQUETA BOMPER 1967 GRIS MUJER S;4;4;0
116000000000000200;CHAQUETA BOMPER 1967 GRIS MUJER M;1;1;0
116000000000000201;CHAQUETA BOMPER 1967 GRIS MUJER L;3;3;0
116000000000000202;CHAQUETA BOMPER 1967 GRIS MUJER XL;7;7;0
116000000000000203;CHAQUETA BOMPER 1967 NEGRA MUJER XS;8;8;0
116000000000000204;CHAQUETA BOMPER 1967 NEGRA MUJER S;8;8;0
116000000000000205;CHAQUETA BOMPER 1967 NEGRA MUJER M;7;7;0
116000000000000206;CHAQUETA BOMPER 1967 NEGRA MUJER L;1;1;0
116000000000000207;CHAQUETA BOMPER 1967 NEGRA MUJER XL;8;8;0
116000000000000313;CHAQUETA COMBINADA TURQUESA HOMBRE XS;0;0;0
116000000000000312;CHAQUETA COMBINADA TURQUESA HOMBRE S;0;0;0
116000000000000311;CHAQUETA COMBINADA TURQUESA HOMBRE M;1;1;0
116000000000000310;CHAQUETA COMBINADA TURQUESA HOMBRE L;5;5;0
116000000000000309;CHAQUETA COMBINADA TURQUESA HOMBRE XL;1;1;0
116000000000000382;CHAQUETA COMBINADA TURQUESA HOMBRE XXL;5;5;0
116000000000000318;CHAQUETA COMBINADA TURQUESA MUJER XS;0;1;1
116000000000000317;CHAQUETA COMBINADA TURQUESA MUJER S;3;3;0
116000000000000316;CHAQUETA COMBINADA TURQUESA MUJER M;4;4;0
116000000000000315;CHAQUETA COMBINADA TURQUESA MUJER L;3;3;0
116000000000000314;CHAQUETA COMBINADA TURQUESA MUJER XL;3;3;0
116000000000000381;CHAQUETA COMBINADA TURQUESA MUJER XXL;3;3;0
116000000000000323;CHAQUETA COMBINADA VERDE HOMBRE XS;0;0;0
116000000000000322;CHAQUETA COMBINADA VERDE HOMBRE S;4;4;0
116000000000000321;CHAQUETA COMBINADA VERDE HOMBRE M;0;1;1
116000000000000320;CHAQUETA COMBINADA VERDE HOMBRE L;0;0;0
116000000000000319;CHAQUETA COMBINADA VERDE HOMBRE XL;0;0;0
116000000000000383;CHAQUETA COMBINADA VERDE HOMBRE XXL;4;4;0
116000000000000328;CHAQUETA COMBINADA VERDE MUJER XS;1;1;0
116000000000000327;CHAQUETA COMBINADA VERDE MUJER S;1;1;0
116000000000000326;CHAQUETA COMBINADA VERDE MUJER M;0;0;0
116000000000000325;CHAQUETA COMBINADA VERDE MUJER L;1;1;0
116000000000000324;CHAQUETA COMBINADA VERDE MUJER XL;2;2;0
116000000000000219;CHAQUETA BEISBOLERA GRIS NEGRA HOMBRE XS;11;11;0
116000000000000220;CHAQUETA BEISBOLERA GRIS NEGRA HOMBRE S;4;4;0
116000000000000221;CHAQUETA BEISBOLERA GRIS NEGRA HOMBRE M;0;0;0
116000000000000222;CHAQUETA BEISBOLERA GRIS NEGRA HOMBRE L;0;0;0
116000000000000223;CHAQUETA BEISBOLERA GRIS NEGRA HOMBRE XL;3;3;0
116000000000000214;CHAQUETA BEISBOLERA NEGRA MARFIL MUJERXS;10;10;0
116000000000000215;CHAQUETA BEISBOLERA NEGRA MARFIL MUJER S;0;1;1
116000000000000217;CHAQUETA BEISBOLERA NEGRA MARFIL MUJER L;3;3;0
116000000000000216;CHAQUETA BEISBOLERA NEGRA MARFIL MUJER M;1;1;0
116000000000000218;CHAQUETA BEISBOLERA NEGRA MARFIL MUJERXL;4;4;0
116000000000000487;CHAQUETA ROMPEVIENTOS AMARILA XS;3;3;0
116000000000000488;CHAQUETA ROMPEVIENTOS AMARILA S;5;5;0
116000000000000489;CHAQUETA ROMPEVIENTOS AMARILA M;0;3;3
116000000000000490;CHAQUETA ROMPEVIENTOS AMARILA L;3;3;0
116000000000000491;CHAQUETA ROMPEVIENTOS AMARILA XL;3;3;0
116000000000000492;CHAQUETA ROMPEVIENTOS AMARILA XXL;4;4;0
116000000000000505;CHAQUETA ROMPEVIENTOS MORADA XS;0;0;0
116000000000000506;CHAQUETA ROMPEVIENTOS MORADA S;1;1;0
116000000000000507;CHAQUETA ROMPEVIENTOS MORADA M;2;2;0
116000000000000508;CHAQUETA ROMPEVIENTOS MORADA L;7;7;0
116000000000000509;CHAQUETA ROMPEVIENTOS MORADA XL;6;6;0
116000000000000510;CHAQUETA ROMPEVIENTOS MORADA XXL;3;3;0
116000000000000499;CHAQUETA ROMPEVIENTOS TURQUESA XS;6;6;0
116000000000000500;CHAQUETA ROMPEVIENTOS TURQUESA S;5;5;0
116000000000000502;CHAQUETA ROMPEVIENTOS TURQUESA L;9;9;0
116000000000000501;CHAQUETA ROMPEVIENTOS TURQUESA M;4;4;0
116000000000000503;CHAQUETA ROMPEVIENTOS TURQUESA XL;14;14;0
116000000000000504;CHAQUETA ROMPEVIENTOS TURQUESA XXL;9;8;-1
116000000000000493;CHAQUETA ROMPEVIENTOS VERDE XS;5;5;0
116000000000000494;CHAQUETA ROMPEVIENTOS VERDE S;3;3;0
116000000000000495;CHAQUETA ROMPEVIENTOS VERDE M;4;4;0
116000000000000496;CHAQUETA ROMPEVIENTOS VERDE L;1;1;0
116000000000000497;CHAQUETA ROMPEVIENTOS VERDE XL;4;4;0
116000000000000498;CHAQUETA ROMPEVIENTOS VERDE XXL;3;3;0
116000000000000746;CHAQUETA BEE PUFFER MUJER MORADA XS;0;0;0
116000000000000747;CHAQUETA BEE PUFFER MUJER MORADA S;0;0;0
116000000000000748;CHAQUETA BEE PUFFER MUJER MORADA M;0;0;0
116000000000000749;CHAQUETA BEE PUFFER MUJER MORADA L;0;0;0
116000000000000750;CHAQUETA BEE PUFFER MUJER MORADA XL;0;0;0
116000000000000751;CHAQUETA BEE PUFFER HOMBRE MORADA S;0;0;0
116000000000000752;CHAQUETA BEE PUFFER HOMBRE MORADA M;0;0;0
116000000000000753;CHAQUETA BEE PUFFER HOMBRE MORADA L;0;0;0
116000000000000754;CHAQUETA BEE PUFFER HOMBRE MORADA XL;0;0;0
116000000000000755;CHAQUETA BEE PUFFER HOMBRE MORADA XXL;0;0;0
116000000000000756;CHAQUETA BEE PUFFER MUJER VERDE XS;0;0;0
116000000000000757;CHAQUETA BEE PUFFER MUJER VERDE S;0;0;0
116000000000000758;CHAQUETA BEE PUFFER MUJER VERDE M;0;0;0
116000000000000759;CHAQUETA BEE PUFFER MUJER VERDE L;0;0;0
116000000000000760;CHAQUETA BEE PUFFER MUJER VERDE XL;0;0;0
116000000000000761;CHAQUETA BEE PUFFER HOMBRE VERDE S;0;0;0
116000000000000762;CHAQUETA BEE PUFFER HOMBRE VERDE M;0;0;0
116000000000000763;CHAQUETA BEE PUFFER HOMBRE VERDE L;0;0;0
116000000000000764;CHAQUETA BEE PUFFER HOMBRE VERDE XL;0;0;0
116000000000000765;CHAQUETA BEE PUFFER HOMBRE VERDE XXL;0;0;0
116000000000000766;CHAQUETA BEE PUFFER MUJER AZUL XS;0;0;0
116000000000000767;CHAQUETA BEE PUFFER MUJER AZUL S;0;0;0
116000000000000768;CHAQUETA BEE PUFFER MUJER AZUL M;0;0;0
116000000000000769;CHAQUETA BEE PUFFER MUJER AZUL L;0;0;0
116000000000000770;CHAQUETA BEE PUFFER MUJER AZUL XL;0;0;0
116000000000000771;CHAQUETA BEE PUFFER HOMBRE AZUL S;0;0;0
116000000000000772;CHAQUETA BEE PUFFER HOMBRE AZUL M;0;0;0
116000000000000773;CHAQUETA BEE PUFFER HOMBRE AZUL L;0;0;0
116000000000000774;CHAQUETA BEE PUFFER HOMBRE AZUL XL;0;0;0
116000000000000775;CHAQUETA BEE PUFFER HOMBRE AZUL XXL;0;0;0
116000000000000776;CHAQUETA BEE PUFFER MUJER GRIS XS;0;0;0
116000000000000777;CHAQUETA BEE PUFFER MUJER GRIS S;0;0;0
116000000000000778;CHAQUETA BEE PUFFER MUJER GRIS M;0;0;0
116000000000000779;CHAQUETA BEE PUFFER MUJER GRIS L;0;0;0
116000000000000780;CHAQUETA BEE PUFFER MUJER GRIS XL;0;0;0
116000000000000781;CHAQUETA BEE PUFFER HOMBRE GRIS S;0;0;0
116000000000000782;CHAQUETA BEE PUFFER HOMBRE GRIS M;0;0;0
116000000000000783;CHAQUETA BEE PUFFER HOMBRE GRIS L;0;0;0
116000000000000784;CHAQUETA BEE PUFFER HOMBRE GRIS XL;0;0;0
116000000000000785;CHAQUETA BEE PUFFER HOMBRE GRIS XXL;0;0;0
116000000000000440;HOODIE CERRADO AMARILLO XS;14;14;0
116000000000000441;HOODIE CERRADO AMARILLO S;12;12;0
116000000000000442;HOODIE CERRADO AMARILLO M;8;8;0
116000000000000443;HOODIE CERRADO AMARILLO L;9;9;0
116000000000000444;HOODIE CERRADO AMARILLO XL;11;11;0
116000000000000445;HOODIE CERRADO AMARILLO XXL;12;12;0
116000000000000087;HOODIE CERRADO BLANCO XS;14;14;0
116000000000000085;HOODIE CERRADO BLANCO S;11;11;0
116000000000000084;HOODIE CERRADO BLANCO M;7;7;0
116000000000000083;HOODIE CERRADO BLANCO L;8;8;0
116000000000000086;HOODIE CERRADO BLANCO XL;15;15;0
116000000000000360;HOODIE CERRADO BLANCO XXL;25;25;0
116000000000000446;HOODIE CERRADO MORADO XS;13;13;0
116000000000000447;HOODIE CERRADO MORADO S;12;12;0
116000000000000448;HOODIE CERRADO MORADO M;12;12;0
116000000000000449;HOODIE CERRADO MORADO L;8;8;0
116000000000000450;HOODIE CERRADO MORADO XL;13;13;0
116000000000000451;HOODIE CERRADO MORADO XXL;12;12;0
116000000000000092;HOODIE CERRADO NEGRO XS;16;16;0
116000000000000090;HOODIE CERRADO NEGRO S;15;15;0
116000000000000089;HOODIE CERRADO NEGRO M;7;7;0
116000000000000088;HOODIE CERRADO NEGRO L;13;13;0
116000000000000091;HOODIE CERRADO NEGRO XL;15;15;0
116000000000000361;HOODIE CERRADO NEGRO XXL;18;18;0
116000000000000362;HOODIE CERRADO TURQUESA XS;16;16;0
116000000000000363;HOODIE CERRADO TURQUESA S;18;18;0
116000000000000364;HOODIE CERRADO TURQUESA M;11;11;0
116000000000000365;HOODIE CERRADO TURQUESA L;14;14;0
116000000000000366;HOODIE CERRADO TURQUESA XL;15;15;0
116000000000000367;HOODIE CERRADO TURQUESA XXL;19;19;0
116000000000000017;BUZO CERRADO VERDE HOMBRE XS;0;0;0
116000000000000015;BUZO CERRADO VERDE HOMBRE S;4;4;0
116000000000000014;BUZO CERRADO VERDE HOMBRE M;1;1;0
116000000000000013;BUZO CERRADO VERDE HOMBRE L;1;1;0
116000000000000016;BUZO CERRADO VERDE HOMBRE XL;0;0;0
116000000000000385;BUZO CERRADO VERDE HOMBRE XXL;3;3;0
116000000000000022;BUZO CERRADO VERDE MUJER XS;1;1;0
116000000000000020;BUZO CERRADO VERDE MUJER S;0;0;0
116000000000000019;BUZO CERRADO VERDE MUJER M;0;0;0
116000000000000018;BUZO CERRADO VERDE MUJER L;0;0;0
116000000000000021;BUZO CERRADO VERDE MUJER XL;0;0;0
116000000000000463;HOODIE CERRADO AMARILLO TALLA 4;5;5;0
116000000000000464;HOODIE CERRADO AMARILLO TALLA 6;2;2;0
116000000000000465;HOODIE CERRADO AMARILLO TALLA 8;3;3;0
116000000000000466;HOODIE CERRADO AMARILLO TALLA 10;5;5;0
116000000000000467;HOODIE CERRADO AMARILLO TALLA 12;6;6;0
116000000000000468;HOODIE CERRADO AMARILLO TALLA 14;4;4;0
116000000000000469;HOODIE CERRADO AMARILLO TALLA 16;5;5;0
116000000000000470;HOODIE CERRADO MORADO TALLA 4;5;5;0
116000000000000471;HOODIE CERRADO MORADO TALLA 6;3;3;0
116000000000000472;HOODIE CERRADO MORADO TALLA 8;4;4;0
116000000000000473;HOODIE CERRADO MORADO TALLA 10;1;1;0
116000000000000474;HOODIE CERRADO MORADO TALLA 12;4;4;0
116000000000000475;HOODIE CERRADO MORADO TALLA 14;5;5;0
116000000000000476;HOODIE CERRADO MORADO TALLA 16;5;5;0
116000000000000027;BUZO COMBINADO TURQUESA HOMBRE XS;0;0;0
116000000000000025;BUZO COMBINADO TURQUESA HOMBRE S;1;1;0
116000000000000024;BUZO COMBINADO TURQUESA HOMBRE M;0;0;0
116000000000000023;BUZO COMBINADO TURQUESA HOMBRE L;0;0;0
116000000000000026;BUZO COMBINADO TURQUESA HOMBRE XL;0;0;0
116000000000000032;BUZO COMBINADO TURQUESA MUJER XS;0;0;0
116000000000000030;BUZO COMBINADO TURQUESA MUJER S;0;0;0
116000000000000029;BUZO COMBINADO TURQUESA MUJER M;0;0;0
116000000000000028;BUZO COMBINADO TURQUESA MUJER L;0;0;0
116000000000000031;BUZO COMBINADO TURQUESA MUJER XL;0;0;0
116000000000000037;BUZO COMBINADO VERDE HOMBRE XS;0;0;0
116000000000000035;BUZO COMBINADO VERDE HOMBRE S;3;3;0
116000000000000034;BUZO COMBINADO VERDE HOMBRE M;0;0;0
116000000000000033;BUZO COMBINADO VERDE HOMBRE L;0;0;0
116000000000000036;BUZO COMBINADO VERDE HOMBRE XL;0;0;0
116000000000000042;BUZO COMBINADO VERDE MUJER XS;0;0;0
116000000000000040;BUZO COMBINADO VERDE MUJER S;0;0;0
116000000000000039;BUZO COMBINADO VERDE MUJER M;1;1;0
116000000000000038;BUZO COMBINADO VERDE MUJER L;0;1;1
116000000000000041;BUZO COMBINADO VERDE MUJER XL;0;1;1
116000000000000102;ZIP HOODIE GRIS RATON XS;0;0;0
116000000000000100;ZIP HOODIE GRIS RATON S;6;5;-1
116000000000000099;ZIP HOODIE GRIS RATON M;0;0;0
116000000000000098;ZIP HOODIE GRIS RATON L;0;0;0
116000000000000101;ZIP HOODIE GRIS RATON XL;0;0;0
116000000000000354;ZIP HOODIE GRIS XS;6;5;-1
116000000000000355;ZIP HOODIE GRIS M;3;3;0
116000000000000356;ZIP HOODIE GRIS L;1;0;-1
116000000000000357;ZIP HOODIE GRIS XL;12;12;0
116000000000000358;ZIP HOODIE GRIS XXL;8;8;0
116000000000000107;ZIP HOODIE NEGRO XS;3;3;0
116000000000000105;ZIP HOODIE NEGRO S;10;10;0
116000000000000104;ZIP HOODIE NEGRO M;3;3;0
116000000000000103;ZIP HOODIE NEGRO L;4;4;0
116000000000000106;ZIP HOODIE NEGRO XL;0;1;1
116000000000000359;ZIP HOODIE NEGRO XXL;9;9;0
116000000000000348;ZIP HOODIE TURQUEZA XS;3;3;0
116000000000000349;ZIP HOODIE TURQUEZA S;7;7;0
116000000000000350;ZIP HOODIE TURQUEZA M;0;0;0
116000000000000351;ZIP HOODIE TURQUEZA L;1;2;1
116000000000000352;ZIP HOODIE TURQUEZA XL;0;2;2
116000000000000353;ZIP HOODIE TURQUEZA XXL;3;3;0
116000000000000560;BUSO CUELLO RED NG ESTAMPADO EAN XS;5;5;0
116000000000000520;BUSO CUELLO RED NG ESTAMPADO EAN S;3;3;0
116000000000000521;BUSO CUELLO RED NG ESTAMPADO EAN M;2;2;0
116000000000000522;BUSO CUELLO RED NG ESTAMPADO EAN L;4;4;0
116000000000000523;BUSO CUELLO RED NG ESTAMPADO EAN XL;4;4;0
116000000000000524;BUSO CUELLO RED NG ESTAMPADO EAN XXL;2;2;0
116000000000000561;BUSO CUELLO RED BLANCOĀ ESTAMPADO EAN XS;4;4;0
116000000000000525;BUSO CUELLO RED BLANCOĀ ESTAMPADO EAN S;0;0;0
116000000000000526;BUSO CUELLO RED BLANCO ESTAMPADO EAN M;0;0;0
116000000000000527;BUSO CUELLO RED BLANCO ESTAMPADO EAN L;3;3;0
116000000000000528;BUSO CUELLO RED BLANCO ESTAMPADO EAN XL;4;4;0
116000000000000529;BUSO CUELLO RED BLANCO ESTAMPADO EAN XXL;5;5;0
116000000000000562;BUSO CUELLO REDĀ NEGRO LOGO ABEJITA XS;8;8;0
116000000000000530;BUSO CUELLO REDĀ NEGRO LOGO ABEJITA S;7;7;0
116000000000000531;BUSO CUELLO REDĀ NEGRO LOGO ABEJITA M;6;6;0
116000000000000532;BUSO CUELLO REDĀ NEGRO LOGO ABEJITA L;7;7;0
116000000000000533;BUSO CUELLO REDĀ NEGRO LOGO ABEJITA XL;4;4;0
116000000000000534;BUSO CUELLO REDĀ NEGRO LOGO ABEJITA XXL;5;5;0
116000000000000563;BUSO CUELLO RED ROSADO BORDADO EAN XS;7;7;0
116000000000000564;BUSO CUELLO RED ROSADO BORDADO EAN S;1;1;0
116000000000000565;BUSO CUELLO RED ROSADO BORDADO EAN M;0;0;0
116000000000000566;BUSO CUELLO RED ROSADO BORDADO EAN L;1;1;0
116000000000000567;BUSO CUELLO RED ROSADO BORDADO EAN XL;7;7;0
116000000000000568;BUSO CUELLO RED ROSADO BORDADO EAN XXL;10;10;0
116000000000000569;BUSO CUELLO RED AMARILLO BORDADO EAN XS;7;7;0
116000000000000570;BUSO CUELLO RED AMARILLO BORDADO EAN S;6;6;0
116000000000000571;BUSO CUELLO RED AMARILLO BORDADO EAN M;6;6;0
116000000000000572;BUSO CUELLO RED AMARILLO BORDADO EAN L;4;4;0
116000000000000573;BUSO CUELLO RED AMARILLO BORDADO EAN XL;8;8;0
116000000000000574;BUSO CUELLO RED AMARILLO BORDADO EAN XXL;10;10;0
116000000000000575;BUSO CUELLO RED MORADO BORDADO EAN XS;8;8;0
116000000000000576;BUSO CUELLO RED MORADO BORDADO EAN S;4;4;0
116000000000000577;BUSO CUELLO RED MORADO BORDADO EAN M;4;4;0
116000000000000578;BUSO CUELLO RED MORADO BORDADO EAN L;7;7;0
116000000000000579;BUSO CUELLO RED MORADO BORDADO EAN XL;8;8;0
116000000000000580;BUSO CUELLO RED MORADO BORDADO EAN XXL;6;6;0
116000000000000581;BUSO CUELLO RED AZUL BORDADO EAN XS;6;6;0
116000000000000582;BUSO CUELLO RED AZUL BORDADO EAN S;7;7;0
116000000000000583;BUSO CUELLO RED AZUL BORDADO EAN M;5;5;0
116000000000000584;BUSO CUELLO RED AZUL BORDADO EAN L;5;5;0
116000000000000585;BUSO CUELLO RED AZUL BORDADO EAN XL;6;6;0
116000000000000586;BUSO CUELLO RED AZUL BORDADO EAN XXL;9;9;0
116000000000000587;BUSO CUELLO RED MENTA BORDADO EAN XS;7;7;0
116000000000000588;BUSO CUELLO RED MENTA BORDADO EAN S;5;5;0
116000000000000589;BUSO CUELLO RED MENTA BORDADO EAN M;7;7;0
116000000000000590;BUSO CUELLO RED MENTA BORDADO EAN L;7;7;0
116000000000000591;BUSO CUELLO RED MENTA BORDADO EAN XL;9;9;0
116000000000000592;BUSO CUELLO RED MENTA BORDADO EAN XXL;10;10;0
116000000000000391;AGENDA ABEJA;56;56;0
116000000000000235;AGENDA COLIBRI;12;12;0
116000000000000237;AGENDA ESPACIO;10;10;0
116000000000000234;AGENDA MAR;14;14;0
116000000000000233;AGENDA PERSONALIZADA;28;28;0
116000000000000236;AGENDA WONDER;0;0;0
116000000000000732;AGENDA EAN;0;0;0
116000000000000743;AGENDA LEGACY;48;48;0
116000000000000744;AGENDA HUMANISE;43;43;0
116000000000000745;AGENDA BEE;48;48;0
116000000000000109;BOLIGRAFO LONDON GIRATORIO;0;0;0
116000000000000110;BOLIGRAFO LONDON II;0;0;0
116000000000000108;BOLIGRAFO MISISIPI;7;7;0
116000000000000546;ESTILOGRAFO SAFARI;4;4;0
116000000000000547;ROLLERBALL SAFARI;1;1;0
116000000000000548;BOLIGRAFO SAFARI;6;6;0
116000000000000549;PORTAMINAS SAFARI;4;4;0
116000000000000550;BOLIGRAFO LOGO;2;2;0
116000000000000551;BOLIGRAFO LOGO PLATA;0;0;0
116000000000000552;BOLIGRAFO LOGO CEPILLADO;0;0;0
116000000000000553;PORTAMINAS LOGO PLATA;2;2;0
116000000000000554;REPUESTO BOLIGRAFO - M16;8;8;0
116000000000000555;REPUESTOS  PLUMAS - M63;9;9;0
116000000000000556;REPUESTOS CARTUCHOS;19;19;0
116000000000000386;BOTILITO AMARILLO TIENDA EAN;9;9;0
116000000000000000;BOTILITO AZUL 500 ML;0;0;0
116000000000000388;BOTILITO BIGGY EAN;2;2;0
116000000000000001;BOTILITO BLANCO 750 ML;54;54;0
116000000000000387;BOTILITO MORADO TIENDA EAN;10;10;0
116000000000000002;BOTILITO VERDE 500 ML;0;0;0
116000000000000536;TERMO NEGRO LOGO EAN;21;21;0
116000000000000726;TERMO GRIS;0;0;0
116000000000000727;TERMO BLANCO TIPO STANLEY;27;27;0
116000000000000728;TERMO COLOR PASTEL AMARILLO - ROSADO;18;18;0
116000000000000729;TERMO COLOR PASTEL VERDE - AZUL;22;22;0
116000000000000730;TERMO COLOR PASTEL MORADO;14;14;0
116000000000000339;CAJA DE BAMBOO X4;0;0;0
116000000000000343;CARGADOR BAMBOO SQUARE;2;2;0
116000000000000346;CLIP BAMBOO;19;19;0
116000000000000344;LAPIZ ECO PEN;53;53;0
116000000000000345;MUG BAMBOO 450ML;32;32;0
116000000000000337;MUG CON CUCHARA;5;5;0
116000000000000340;TORRE DE MADERA;5;5;0
116000000000000336;VASO BAMBOO II;15;15;0
116000000000000341;SET DE CUBIERTOS BAMBOO;11;11;0
116000000000000338;SET MEMO PAD;0;0;0
116000000000000342;SPIKER BAMBOO ECO;2;2;0
116000000000000226;GORRA GRIS LETRAS;8;10;2
116000000000000225;GORRA GRIS LOGO;0;0;0
116000000000000228;GORRA NEGRA LETRAS;0;0;0
116000000000000227;GORRA NEGRA LOGO;0;0;0
116000000000000535;GORRA BLANCA LOGOĀ;10;10;0
116000000000000650 ;GORRA RAICES;0;0;0
116000000000000742;GORRA VERDE EAN;33;33;0
116000000000000740;GORRA BEE GRIS;5;5;0
116000000000000741; GORRA BEE NEGRA;14;14;0
116000000000000209;MUG AMARILLO;9;9;0
116000000000000211;MUG AZUL;2;2;0
116000000000000213;MUG GRIS;6;6;0
116000000000000208;MUG MAGICO NEGRO;23;23;0
116000000000000212;MUG MORADO;6;6;0
116000000000000210;MUG VERDE;3;3;0
116000000000000461;PARAGUAS AMARILLO;68;68;0
116000000000000093;PARAGUAS DE PUNTOS;7;7;0
116000000000000121;PARAGUAS EJECUTIVO NEGRO;4;4;0
116000000000000122;PARAGUAS EJECUTIVO TURQUESA;19;19;0
116000000000000094;PARAGUAS GRIS;0;0;0
116000000000000462;PARAGUAS MORADO;11;11;0
116000000000000425;PELUCHE MELI TIENDA EAN;25;25;0
116000000000000593;MELI GRADUADA;11;11;0
116000000000000238;PINES;35;35;0
116000000000000331;PINES METALICOS IMAN;964;964;0
116000000000000335;IMAN 1967;89;90;1
116000000000000332;STIKERS 3D;420;420;0
116000000000000334;STIKERS CARRERAS;274;274;0
116000000000000333;STIKERS CARRO;137;137;0
116000000000000485;MALETA AMARILLA COLECCION 2024;3;3;0
116000000000000484;MALETA BLANCA COLECCION 2024;2;2;0
116000000000000481;MALETA GRIS COLECCION 2024;0;0;0
116000000000000483;MALETA NEGRA COLECCION 2024;0;0;0
116000000000000482;MALETA ROJA COLECCION 2024;1;1;0
116000000000000480;MALETA TURQUESA COLECCION 2024;0;0;0
116000000000000486;RIčONERA  COLECCION 2024;1;1;0
116000000000000239;MALETA GRIS COLIBRI;7;7;0
116000000000000241;MALETA GRIS/AZUL;2;2;0
116000000000000243;MALETA I LOVE EAN;0;0;0
116000000000000240;MALETA NEGRA COLIBRI;2;2;0
116000000000000242;MALETA NEGRA/AZUL;0;1;1
116000000000000711;BEANIES VERDE;0;0;0
116000000000000712;BEANIES NEGRO;0;0;0
116000000000000713;BEANIES AMARILLO;0;0;0
116000000000000714;BUCKET HAT AMARILLO;0;0;0
116000000000000715;BUCKET HAT GRIS;0;0;0
116000000000000716;BUCKET HAT MORADO;0;0;0
116000000000000717;BUCKET HAT NEGRO;0;0;0
116000000000000718;MEDIAS;0;0;0
116000000000000719;PAčOLETA PERRUNA;0;0;0
116000000000000720;CAPA PARA LLUVIA PERRUNA PEQUEčA;0;0;0
116000000000000721;CARPA PARA LLUVIA PERRINA GRANDE;0;0;0
116000000000000722;TULA DEPORTIVA;0;0;0
116000000000000723;CANGURO;0;0;0
116000000000000724;FORRO PARA LAPTOP PEQUEčO;0;0;0
116000000000000725;FORRO PARA LAPTOP GRANDE;0;0;0
116000000000000731;COBIJAS MELI;0;0;0
Ā116000000000000537;CORREA RESORTE;0;0;0
Ā116000000000000538; CORREA CORTA ;0;0;0
Ā116000000000000539;CORREA MULTIFINCIONAL;0;0;0
Ā116000000000000540;CORREA DOBLE;0;0;0
Ā116000000000000541;CORREA LUXURY LARGA;0;0;0
Ā116000000000000542;CORREA LUXURY CORTA ;0;0;0
Ā116000000000000543;BOTAS;0;0;0
Ā116000000000000544;CINTURON MULTIFUNCIONAL;0;0;0
Ā116000000000000545;CARGADOR PETS;0;0;0
116000000000000610;COLLARES -  20,000;0;0;0
116000000000000611;ARETES MORADOS - 45000;0;0;0
116000000000000620;ARETES CANDONGAS - 28000;0;0;0
116000000000000621;ARETES TRIANGULOS - manillas - Aretes Coraz¾n- candongas negra y blanco 25,000 ;0;0;0
116000000000000622;ARETES REDONDOS AZUL Y NARANJA - 38.000;0;0;0
116000000000000623;BOLSO PEQUEčO JEAN;0;0;0
116000000000000624;BOLSO MEDIANO JEAN;0;0;0
116000000000000625;BOLSO GRANDE JEAN;0;0;0
116000000000000626;CARTUCHERA JEAN;0;0;0
116000000000000627;ARETES CANDONGAS - 32.000;0;0;0
116000000000000628;ARETES TRIANGULOS - 40.000;0;0;0
116000000000000629;ARETES REDONDOS;0;0;0
116000000000000630;MUčECOS BONGO MORONGO PEQUEčOS;0;0;0
116000000000000631;MUčECOS BONGO MORONGO GRANDE;0;0;0
116000000000000632;BOLSOS MEDIANOS;0;0;0
116000000000000633;BOLSO GRANDE;0;0;0
116000000000000634;LAP═CEROS CON FLOR;0;0;0
116000000000000635;TOPITOS DE FLOR - ARETES AMARILLOS;0;0;0
116000000000000636;PRENDEDORES;0;0;0
116000000000000637;CORBATAS;0;0;0
116000000000000638;PINES DE CORAZONES;0;0;0
116000000000000639;COSMETIQUERAS;0;0;0
116000000000000640;BOLSO DE JEAN GRANDE;0;1;1
116000000000000641;BOLSO JEAN  FORMAL;0;0;0
116000000000000642;PORTA GAFAS;0;0;0
116000000000000704;CAF╔ CAJA X 20;0;0;0
116000000000000707;KIT CAJA X 20 MINI MUG;0;0;0
116000000000000708;KIT CAJA X 20 TETERA;0;0;0
116000000000000705;DOYPACK X 20 3 SABORES - TEMPLANZA Y TRISOMIA;0;0;0
116000000000000706;CAJA MADERA X 20 - ALBOROZO;0;0;0
116000000000000710;BODY;0;0;0
113000000000000000;CULTURA ORGANIZACIONAL EN EL AMBITO DE LOS PROYECTOS;0;0;0
113000000000000002;APRENDER A APRENDER. ESTRATEGIAS PARA PROMOVER PROCESO DE APRENDIZAJES AUTėNOMO;0;0;0
113000000000000003;LA GESTIėN DE PROYECTOS SOSTENIBLES COMO HERRAMIENTA PARA EL FORTALECIMIENTO DE LA COMPETITIVIDAD;0;0;0
113000000000000006;BUENAS PRACTICAS DOCENTES Y ESTRATEGICAS PEDAGOGICAS PARA EL DESARROLLO DE COMPETENCIA EMPRENDEDORAS;0;0;0
113000000000000007;EL FUTURO DE LA INTEGRACIėN DE LA COMUNIDAD ANDINA, MERCOSUR Y LA ALIANZA PARA EL PAC═FICO ;0;0;0
113000000000000008;EL TALENTO HUMANO COMO FACTOR CLAVE EN EL ╔XITO DE LOS PROYECTOS;0;0;0
113000000000000010;LO QUE PIENSAN LOS ESTUDIANTES VIRTUALES EN COLOMBIA SOBRE EL BIENESTAR UNIVERSITARIO;0;0;0
113000000000000011;MODELOS, METODOLOGIAS Y SISTEMAS DE GESTIėN DE PROYECTOS;0;0;0
113000000000000013;TėPICOS GERENCIALES PARA LA GESTIėN DE EMPRESAS: UNA MIRADA DESDE LA INVESTIGACIėN;0;0;0
113000000000000145;LOS FESTIVALES EN LA PANDEMIA;0;0;0
113000000000000146;DE LA PALABRA AL LENGUAJE ESPECIALIZADO: TRADUCCIėN Y TERMINOLOG═A;0;0;0
113000000000000147;DI┴LOGOS ENTRE LA ECONOM═A, LA CULTURA Y EL TERRITORIO;0;0;0
113000000000000148;ENSEčANZA, LENGUA Y CULTURA EN ELE;0;0;0
113000000000000149;PROJECT MANAGEMENT AND DIRECTION ORGANIZATIONAL ABSORPTIVE CAPACITY - THE PM4AC MODEL;0;0;0
113000000000000015;CONSTRUCCIėN DEL DISCURSO- HACIA LA FORMACIėN DE UN PROFESIONAL COMPETENTE EN EL USO DEL LENGUAJE;0;0;0
113000000000000150;EAN LEGACY. LA CONSTRUCCIėN DE LA INNOVACIėN;0;0;0
113000000000000160;MENOS ES M┴S;0;0;0
113000000000000161;MICROPL┴STICOS;0;0;0
113000000000000162;LA REVOLUCIėN DE LAS SUFRAGISTAS;0;0;0
113000000000000163;GESTIėN DE PROYECTOS Y ORGANIZACIONES. UNA MIRADA DESDE LAS TENDENCIAS MODERNAS DE GESTIėN;0;0;0
113000000000000164;CERROS ORIENTALES;0;0;0
113000000000000165;DIRECCIėN Y GESTIėN DE PROYECTOS. PERSPECTIVA ╔TICA;0;0;0
113000000000000166;MOVIID;0;0;0
113000000000000019;EMPRESARIOS, TECNOLOG═A Y GESTIėN EN TRES F┴BRICAS BOGOTANAS 1880-1920;0;0;0
113000000000000020;ENTORNO GLOBAL, ╔TICA Y SOCIEDAD;0;0;0
113000000000000021;LA GERENCIA DE PROYECTOS COMO IMPULSOR DE LA ESTRATEGIA ORGANIZACIONAL;0;0;0
113000000000000022;REFERENTES PARA UNA MIRADA ACTUALIZADA DEL BIENESTAR UNIVERSITARIO;0;0;0
113000000000000180;SBN 9789587567205 SOSTENIBILIDAD PARA E;0;0;0
113000000000000054;MANUAL PARA EL MANEJO DE ARTISTAS MUSICALES;0;0;0
113000000000000012;SEGURIDAD Y POL═TICAS ANTIDROGAS Y LUCHA ENTRE CARTELES;0;0;0
113000000000000069;MODELOS DE MODERNIZACION PARA LA GESTION DE ORGANIZACIONES;0;0;0
113000000000000026;EL ARTE PARA APRENDER A ARGUMENTAR;0;0;0
113000000000000190;QUE HAY DETRAS DE LAS EMOCIONES ;0;0;0
113000000000000016;CONTAMINACIėN Y REMEDIACIėN DE SUELOS EN COLOMBIA;0;0;0
113000000000000009;INNOVACIėN Y EMPRENDIMIENTO EN EDUCACIėN SUPERIOR;0;0;0
116000000000000389;BOLSAS KRAF GRANDE TIENDA EAN;1286;1286;0
116000000000000390;BOLSAS KRAF PEQUEčA TIENDA EAN;1263;1263;0
116000000000000600;BOLSA TELA TIENDA EAN;385;385;0
